zip_path,provenance_group,provenance_reference,original_size_bytes,original_sha256,removed_photo_count,removed_photo_uncompressed_bytes,removed_photo_compressed_bytes,retained_member_count,new_size_bytes,new_sha256,reclaimed_bytes,note_member
archive/pferi_v2/task_runs/model_development/2026-07-25_task15i_descriptor_execution_manifest_v1/TASK15I_INDEPENDENT_DESCRIPTOR_IMAGES.zip,task15i_descriptor_images,archive/pferi_v2/task_runs/model_development/2026-07-25_task15i_descriptor_execution_manifest_v1/descriptor_execution_manifest.csv,2782380014,c7808a9be7a1464820f08a6e18423a5f958e36d1cb5165cf46ac69ac630f2013,4108,2781062556,2781062556,1,718,de0c3ad175ec75066e5e2e5cf4f8a81f49a7afe33a05a0b295ac023a64631d14,2782379296,PHOTOS_REMOVED.md
archive/pferi_v2/task_runs/model_development/2026-07-27_task15l_calibration_collection_freeze_v1/reviewer_packages/candidate_reviewer_packages/PAIR_REVIEW_reviewer_A.zip,task15l_calibration_reviewer_packages,archive/pferi_v2/task_runs/model_development/2026-07-27_task15l_calibration_collection_freeze_v1/restricted/selected_image_execution_manifest.csv; reviewer_packages/restricted/restricted_asset_map.csv,616096231,b66be3e8ee8a9fff48152a3aac85504e07ca19988de786fce69192aab0c5bcea,346,616012313,616023073,6,12399,a56989726630f4fb34c4f9c0efc91dca2ad53a6bf4ed388ecec21dfc62a3bbcf,616083832,PHOTOS_REMOVED.md
archive/pferi_v2/task_runs/model_development/2026-07-27_task15l_calibration_collection_freeze_v1/reviewer_packages/candidate_reviewer_packages/PAIR_REVIEW_reviewer_B.zip,task15l_calibration_reviewer_packages,archive/pferi_v2/task_runs/model_development/2026-07-27_task15l_calibration_collection_freeze_v1/restricted/selected_image_execution_manifest.csv; reviewer_packages/restricted/restricted_asset_map.csv,668941650,d0945a1174fd5f9bd847f5c1fc8259ae68e0520006241e4bc0b2b6b6028a3c1e,355,668961285,668866766,6,12526,0181c83b3fdf32eaa6043d2fb8448bc58e3ceebad891bf8ac852702869a1d38e,668929124,PHOTOS_REMOVED.md
archive/pferi_v2/task_runs/model_development/2026-07-27_task15l_calibration_collection_freeze_v1/reviewer_packages/candidate_reviewer_packages/PAIR_REVIEW_reviewer_C.zip,task15l_calibration_reviewer_packages,archive/pferi_v2/task_runs/model_development/2026-07-27_task15l_calibration_collection_freeze_v1/restricted/selected_image_execution_manifest.csv; reviewer_packages/restricted/restricted_asset_map.csv,694939386,7533a2a09630e96e9536e4674fea177cb6d162ca4ced79fc3b95bdcd10619fd4,357,694961683,694864135,6,12538,fa0b1621ec31a581d41275b85caea37dc20bcec19772949516863155f4d2eb87,694926848,PHOTOS_REMOVED.md
archive/pferi_v2/task_runs/model_development/2026-07-27_task15l_calibration_collection_freeze_v1/reviewer_packages/candidate_reviewer_packages/PAIR_REVIEW_reviewer_D.zip,task15l_calibration_reviewer_packages,archive/pferi_v2/task_runs/model_development/2026-07-27_task15l_calibration_collection_freeze_v1/restricted/selected_image_execution_manifest.csv; reviewer_packages/restricted/restricted_asset_map.csv,668426867,8e37f9d965b7305e5f53d6bd4dd12f886fe5a406c7cfd89efc55f6fd19531fe8,355,668491215,668351999,6,12510,3d5ae94a29492cbb9a10d58d56d7b9f86ecd73c3c6b58e0f867b05fde1ef5354,668414357,PHOTOS_REMOVED.md
artifacts/transfers/pferi_v2/PF_ERI_V2_INTERFACE_AUDIT_DELIVERY_original.zip,interface_audit_delivery,scripts/build_task15i_independent_browser_audit_delivery.py; work/pferi_v2/review/interface_dry_run/independent_browser_audit/,35941346,784a5ab820766f1ec30a0393ce05f68fbbc8b6bc8000545bafa3ebc137279a58,24,35931245,35933290,7,4611,e9d4595dda06fc6c47a39f44a818050be7a8b749068e331121accb2dfcc6b41c,35936735,PHOTOS_REMOVED.md
artifacts/transfers/pferi_v2/PF_ERI_V2_INTERFACE_AUDIT_DELIVERY_returned_a001.zip,interface_audit_delivery,scripts/build_task15i_independent_browser_audit_delivery.py; work/pferi_v2/review/interface_dry_run/independent_browser_audit/,35947741,0d16fa193502f4277e066c1f47ccc0cd6aac0b0e0e0ae3d1bb3164f9fcf63962,24,35931245,35933290,12,7429,55594665b29ab7241904d912abc5f6c4b8a4a7a4e95d711b6b63dfbaf2a35f04,35940312,PHOTOS_REMOVED.md
artifacts/transfers/pferi_v2/review/adjudication_packages/candidate_adjudication_packages/PAIR_REVIEW_adjudicator_A.zip,adjudication_packages,scripts/build_v2_adjudication_packages.py; artifacts/transfers/pferi_v2/review/adjudication_packages/,256590080,542fad84b5bc5ca6182c6cda685d5da0eb369d35a0f07708cd5a4a77049498a8,116,256554648,256554648,6,15548,965cc19ed4be6425e6432d9dcb026ee0336c208a9149b97badc7548e027c31cd,256574532,PHOTOS_REMOVED.md
artifacts/transfers/pferi_v2/review/adjudication_packages/candidate_adjudication_packages/PAIR_REVIEW_adjudicator_B.zip,adjudication_packages,scripts/build_v2_adjudication_packages.py; artifacts/transfers/pferi_v2/review/adjudication_packages/,260979057,c70f4f9abf42f3ae07f3f51eee0798ce756bc6594a6c658c3d54fd874efca6c5,110,260944843,260944843,6,15398,ed5fdac945938ed9f5e3757961a507e84b6eb2e2d639fdfb120dd0eb5d8a1a5c,260963659,PHOTOS_REMOVED.md
artifacts/transfers/pferi_v2/review/adjudication_packages/candidate_adjudication_packages/PAIR_REVIEW_adjudicator_C.zip,adjudication_packages,scripts/build_v2_adjudication_packages.py; artifacts/transfers/pferi_v2/review/adjudication_packages/,285916958,c1a129d5c34b5cb4f9765f74f6e443ae89598b598a3dc2d06dfba7bab0fe0fe7,116,285881526,285881526,6,15549,2b8ffb869a8455037430a2011bab8d05817c1a765ff819a5a297ef9312305b89,285901409,PHOTOS_REMOVED.md
artifacts/transfers/pferi_v2/review/adjudication_packages/candidate_adjudication_packages/PAIR_REVIEW_adjudicator_D.zip,adjudication_packages,scripts/build_v2_adjudication_packages.py; artifacts/transfers/pferi_v2/review/adjudication_packages/,278134936,8de382fe0cb068a31441ce6c16347a2cb907d38434581f5a41cd1db40b5c379f,105,278101612,278101612,6,15400,a2336eb6e53aa4b9261f5cdd8e74c7ab5ce42996ece9a5b5aa10031bd4cba451,278119536,PHOTOS_REMOVED.md
artifacts/transfers/pferi_v2/review/formal_reviewer_packages/candidate_reviewer_packages/PAIR_REVIEW_reviewer_A.zip,formal_reviewer_packages,scripts/build_v2_formal_reviewer_packages.py; artifacts/transfers/pferi_v2/review/formal_reviewer_packages/restricted/restricted_asset_map.csv; data/frozen/pferi_v2/,2514341220,c679eecc35f2249e1cee49b59bb71975053f22524a9a7c625b7d46943d9a3e19,1426,2514664712,2514037960,6,47818,fe133d0a90a743c2fa4e2771058d2ce6b512b4aec931de491fddaa624b8f3e7d,2514293402,PHOTOS_REMOVED.md
artifacts/transfers/pferi_v2/review/formal_reviewer_packages/candidate_reviewer_packages/PAIR_REVIEW_reviewer_B.zip,formal_reviewer_packages,scripts/build_v2_formal_reviewer_packages.py; artifacts/transfers/pferi_v2/review/formal_reviewer_packages/restricted/restricted_asset_map.csv; data/frozen/pferi_v2/,2498127565,7ebbe586e2020a7edece9b969e86d0f083e08f187db92b5ea93502ecdde07025,1431,2498487041,2497823659,6,47550,423a6a61f472777c2b00263a76a0bf26f9fd7c50483a3ff8e7057d24313f0fa6,2498080015,PHOTOS_REMOVED.md
artifacts/transfers/pferi_v2/review/formal_reviewer_packages/candidate_reviewer_packages/PAIR_REVIEW_reviewer_C.zip,formal_reviewer_packages,scripts/build_v2_formal_reviewer_packages.py; artifacts/transfers/pferi_v2/review/formal_reviewer_packages/restricted/restricted_asset_map.csv; data/frozen/pferi_v2/,2512197481,0c4956fd04377edecedbdc3364ac1aec84eb5728ba5508e1b8f0ffb7fc5c7fb4,1420,2512631933,2511895393,6,47607,fcd942fad2aebb705eb14b9f7ba9c617216360159a935bc52638f4a46ae96eeb,2512149874,PHOTOS_REMOVED.md
artifacts/transfers/pferi_v2/review/formal_reviewer_packages/candidate_reviewer_packages/PAIR_REVIEW_reviewer_D.zip,formal_reviewer_packages,scripts/build_v2_formal_reviewer_packages.py; artifacts/transfers/pferi_v2/review/formal_reviewer_packages/restricted/restricted_asset_map.csv; data/frozen/pferi_v2/,2522972020,dbf5572a8191e3c209e5150412e546ed4d467efdda5b27a697ab307e2334c37e,1426,2523241847,2522668856,6,47711,b54b20e1baf579768ca57555d410f5ab5fc0f268cfc38faff676b1da74c3fbef,2522924309,PHOTOS_REMOVED.md
artifacts/transfers/pferi_v2/review/formal_reviewer_subpackages/reviewer_A/PAIR_REVIEW_reviewer_A_part_01_of_08.zip,formal_reviewer_subpackages,artifacts/transfers/pferi_v2/review/formal_reviewer_subpackages/SUBPACKAGE_MANIFEST.csv; artifacts/transfers/pferi_v2/review/formal_reviewer_subpackages/subpackage_audit.json,473278810,7ee6d31efc5dd6eab42f45224e90a4ee3769fae2cb88189245ccf3b65d4b3fd9,292,473199515,473199515,7,28136,67e7e711a43300163777d1bb973a86d050676478de103d20f98fbb45a8605bc5,473250674,PHOTOS_REMOVED.md
artifacts/transfers/pferi_v2/review/formal_reviewer_subpackages/reviewer_A/PAIR_REVIEW_reviewer_A_part_02_of_08.zip,formal_reviewer_subpackages,artifacts/transfers/pferi_v2/review/formal_reviewer_subpackages/SUBPACKAGE_MANIFEST.csv; artifacts/transfers/pferi_v2/review/formal_reviewer_subpackages/subpackage_audit.json,476190616,0210807571ec5a63e753db1675365d91cfb1317da6d1973c892337d566049bad,252,476121181,476121181,7,25397,755fd3dadb02984e879e3ca825eabfd070111184a053bf95e818584f63000927,476165219,PHOTOS_REMOVED.md
artifacts/transfers/pferi_v2/review/formal_reviewer_subpackages/reviewer_A/PAIR_REVIEW_reviewer_A_part_03_of_08.zip,formal_reviewer_subpackages,artifacts/transfers/pferi_v2/review/formal_reviewer_subpackages/SUBPACKAGE_MANIFEST.csv; artifacts/transfers/pferi_v2/review/formal_reviewer_subpackages/subpackage_audit.json,468351937,df70936113270335bf522bce2df8901c214d4f4eeeb71532498e60ad2c2261b9,247,468284077,468284077,7,24712,df204144e578d801c0c2b229af153b3490d4975d8622273aebcdb004f0b02a79,468327225,PHOTOS_REMOVED.md
artifacts/transfers/pferi_v2/review/formal_reviewer_subpackages/reviewer_A/PAIR_REVIEW_reviewer_A_part_04_of_08.zip,formal_reviewer_subpackages,artifacts/transfers/pferi_v2/review/formal_reviewer_subpackages/SUBPACKAGE_MANIFEST.csv; artifacts/transfers/pferi_v2/review/formal_reviewer_subpackages/subpackage_audit.json,475693531,b8702e93347f18734d05ab2ae4a218d115da090a380be83592e1a213fc15ade2,285,475615482,475615482,7,28137,b67969c010b814a4ede84ac866aae11e90f24a3fe630670cce63a81162173ab7,475665394,PHOTOS_REMOVED.md
artifacts/transfers/pferi_v2/review/formal_reviewer_subpackages/reviewer_A/PAIR_REVIEW_reviewer_A_part_05_of_08.zip,formal_reviewer_subpackages,artifacts/transfers/pferi_v2/review/formal_reviewer_subpackages/SUBPACKAGE_MANIFEST.csv; artifacts/transfers/pferi_v2/review/formal_reviewer_subpackages/subpackage_audit.json,474394377,c47781bdb16701a6fba6173f6c65b65569e622b1cc6e4e91fa83bd29acb57a78,270,474320642,474320642,7,26493,3b34c8f9be205faab58c427c79144ac37946fd7e37fb943ce059ffa134ecafb0,474367884,PHOTOS_REMOVED.md
artifacts/transfers/pferi_v2/review/formal_reviewer_subpackages/reviewer_A/PAIR_REVIEW_reviewer_A_part_06_of_08.zip,formal_reviewer_subpackages,artifacts/transfers/pferi_v2/review/formal_reviewer_subpackages/SUBPACKAGE_MANIFEST.csv; artifacts/transfers/pferi_v2/review/formal_reviewer_subpackages/subpackage_audit.json,477622256,9ea2021bb9b89a104ca3cf3017977a7afefc945f94041a3417a776d5be5c5a21,261,477550671,477550671,7,25943,afd548a89bd2da528efa015a4376544136b7a0a1d9c7ced26184f99e81256e5c,477596313,PHOTOS_REMOVED.md
artifacts/transfers/pferi_v2/review/formal_reviewer_subpackages/reviewer_A/PAIR_REVIEW_reviewer_A_part_07_of_08.zip,formal_reviewer_subpackages,artifacts/transfers/pferi_v2/review/formal_reviewer_subpackages/SUBPACKAGE_MANIFEST.csv; artifacts/transfers/pferi_v2/review/formal_reviewer_subpackages/subpackage_audit.json,476844846,9a87389a33b725ee786564e6853eadd705c66363ce39898f571f867e4715c05e,273,476770303,476770303,7,26767,77378c4c01add905be8e2f6dc5ab4df46a725ace1f86367283951b7ab98a052d,476818079,PHOTOS_REMOVED.md
artifacts/transfers/pferi_v2/review/formal_reviewer_subpackages/reviewer_A/PAIR_REVIEW_reviewer_A_part_08_of_08.zip,formal_reviewer_subpackages,artifacts/transfers/pferi_v2/review/formal_reviewer_subpackages/SUBPACKAGE_MANIFEST.csv; artifacts/transfers/pferi_v2/review/formal_reviewer_subpackages/subpackage_audit.json,374798050,f5c8c478d22e5c0c159187484d60e875d4d4b279057c628f47b25534de5b1b60,217,374738270,374738270,7,21973,74b9ad7112a2993a964c947fb986746c91bf6b7ecac7190d48460deb36e01507,374776077,PHOTOS_REMOVED.md
artifacts/transfers/pferi_v2/review/formal_reviewer_subpackages/reviewer_B/PAIR_REVIEW_reviewer_B_part_01_of_08.zip,formal_reviewer_subpackages,artifacts/transfers/pferi_v2/review/formal_reviewer_subpackages/SUBPACKAGE_MANIFEST.csv; artifacts/transfers/pferi_v2/review/formal_reviewer_subpackages/subpackage_audit.json,475813050,8454ca81d1f2262778eb00b0319a79c89893ba29e038eb067471d54b15a990da,269,475739219,475739219,7,26768,991ab8fa8a39897973ec8915f2658e2919312754d38fa51d89f7eb1be4d5e0db,475786282,PHOTOS_REMOVED.md
artifacts/transfers/pferi_v2/review/formal_reviewer_subpackages/reviewer_B/PAIR_REVIEW_reviewer_B_part_02_of_08.zip,formal_reviewer_subpackages,artifacts/transfers/pferi_v2/review/formal_reviewer_subpackages/SUBPACKAGE_MANIFEST.csv; artifacts/transfers/pferi_v2/review/formal_reviewer_subpackages/subpackage_audit.json,478656480,26b51d196afb5efa9939503632315d419de610ac01a8a2023ae386e47d354b2d,282,478579650,478579650,7,27453,c792e7bbccf3f7252b828a69c15e4ba97dae4c7070ac6a46858106d215069420,478629027,PHOTOS_REMOVED.md
artifacts/transfers/pferi_v2/review/formal_reviewer_subpackages/reviewer_B/PAIR_REVIEW_reviewer_B_part_03_of_08.zip,formal_reviewer_subpackages,artifacts/transfers/pferi_v2/review/formal_reviewer_subpackages/SUBPACKAGE_MANIFEST.csv; artifacts/transfers/pferi_v2/review/formal_reviewer_subpackages/subpackage_audit.json,475117686,6b303252eb35cc41729fe85b692e68433bedec4675b17c878641ca04bf5d3767,276,475042198,475042198,7,27181,534c694daa555cb780f845b21cf8233103204d37a3dfb0c854f62866464abcaa,475090505,PHOTOS_REMOVED.md
artifacts/transfers/pferi_v2/review/formal_reviewer_subpackages/reviewer_B/PAIR_REVIEW_reviewer_B_part_04_of_08.zip,formal_reviewer_subpackages,artifacts/transfers/pferi_v2/review/formal_reviewer_subpackages/SUBPACKAGE_MANIFEST.csv; artifacts/transfers/pferi_v2/review/formal_reviewer_subpackages/subpackage_audit.json,477339145,6269485c1aaf8391d89ddc3d00e06b5c019a7365cd8f11a1bbd61eb91922d33d,251,477270299,477270299,7,24987,1e13721dfeddad1e261d6668449b2104f1fd031d30c97a9f9ab836852e8d1677,477314158,PHOTOS_REMOVED.md
artifacts/transfers/pferi_v2/review/formal_reviewer_subpackages/reviewer_B/PAIR_REVIEW_reviewer_B_part_05_of_08.zip,formal_reviewer_subpackages,artifacts/transfers/pferi_v2/review/formal_reviewer_subpackages/SUBPACKAGE_MANIFEST.csv; artifacts/transfers/pferi_v2/review/formal_reviewer_subpackages/subpackage_audit.json,468651506,d43bbf2dc48ce8d24de300b5d63ac5964462cd6876824cb030ff00121a956812,274,468576374,468576374,7,27178,a54881c7a687c1dcaef5c2aab1d2f70561b395dcef858de9b3e13b4a4ea50c22,468624328,PHOTOS_REMOVED.md
artifacts/transfers/pferi_v2/review/formal_reviewer_subpackages/reviewer_B/PAIR_REVIEW_reviewer_B_part_06_of_08.zip,formal_reviewer_subpackages,artifacts/transfers/pferi_v2/review/formal_reviewer_subpackages/SUBPACKAGE_MANIFEST.csv; artifacts/transfers/pferi_v2/review/formal_reviewer_subpackages/subpackage_audit.json,473640885,a5148b42ad44925e2e1172856436d8dfbf55def375034ebcd34682fb3d145d27,308,473557372,473557372,7,29508,fba2fe0070a660d7abef92d99353a87a922137e3f36bf3a8337f35dcc09a8416,473611377,PHOTOS_REMOVED.md
artifacts/transfers/pferi_v2/review/formal_reviewer_subpackages/reviewer_B/PAIR_REVIEW_reviewer_B_part_07_of_08.zip,formal_reviewer_subpackages,artifacts/transfers/pferi_v2/review/formal_reviewer_subpackages/SUBPACKAGE_MANIFEST.csv; artifacts/transfers/pferi_v2/review/formal_reviewer_subpackages/subpackage_audit.json,477462217,d7b0c829cf77cdd37a17617e10faef4527feb9c475a08d3716e10afae4e1e63e,265,477389235,477389235,7,26628,6c2ab58dc5289d29dec26bdf11cb9740edb28c787a0bfa284245c3a2a1b3da85,477435589,PHOTOS_REMOVED.md
artifacts/transfers/pferi_v2/review/formal_reviewer_subpackages/reviewer_B/PAIR_REVIEW_reviewer_B_part_08_of_08.zip,formal_reviewer_subpackages,artifacts/transfers/pferi_v2/review/formal_reviewer_subpackages/SUBPACKAGE_MANIFEST.csv; artifacts/transfers/pferi_v2/review/formal_reviewer_subpackages/subpackage_audit.json,248476588,69bb63d6d76537a7470e5f824ad2193ab8e66dd62e6f2cce45a8cb1fd506a970,155,248431955,248431955,7,17858,6955e8e4814db71383ab478f06e735d1ba0b70b8ddf0d36dc0862fedaa44ec30,248458730,PHOTOS_REMOVED.md
artifacts/transfers/pferi_v2/review/formal_reviewer_subpackages/reviewer_C/PAIR_REVIEW_reviewer_C_part_01_of_08.zip,formal_reviewer_subpackages,artifacts/transfers/pferi_v2/review/formal_reviewer_subpackages/SUBPACKAGE_MANIFEST.csv; artifacts/transfers/pferi_v2/review/formal_reviewer_subpackages/subpackage_audit.json,477642049,29ebd3d3641acd83d270feb3f09ce151ff5c754659f9449ef374cc177dcc74da,265,477569067,477569067,7,26631,a936cfbd72ea494c4fd0e7dc9c93ae1e60cf2a0e2c25958052f0b77f35ddd506,477615418,PHOTOS_REMOVED.md
artifacts/transfers/pferi_v2/review/formal_reviewer_subpackages/reviewer_C/PAIR_REVIEW_reviewer_C_part_02_of_08.zip,formal_reviewer_subpackages,artifacts/transfers/pferi_v2/review/formal_reviewer_subpackages/SUBPACKAGE_MANIFEST.csv; artifacts/transfers/pferi_v2/review/formal_reviewer_subpackages/subpackage_audit.json,478169813,8632fc9425b6d3b94c2ec182f7e692e5fae55d73f1213885a00a2cc990d407ba,264,478097283,478097283,7,26358,fcc2af121ca9d3054212ac658a785ad95c5b2b09dcf8383d7fbee079cfcd57a8,478143455,PHOTOS_REMOVED.md
artifacts/transfers/pferi_v2/review/formal_reviewer_subpackages/reviewer_C/PAIR_REVIEW_reviewer_C_part_03_of_08.zip,formal_reviewer_subpackages,artifacts/transfers/pferi_v2/review/formal_reviewer_subpackages/SUBPACKAGE_MANIFEST.csv; artifacts/transfers/pferi_v2/review/formal_reviewer_subpackages/subpackage_audit.json,475828396,63d201317fec19b6b1fbdbf654ac041490fe65d9e6362e37e6601d564e707b26,287,475750265,475750265,7,27865,f71d4700eb9a4d5f1eaccd7da1d59864dfe44ee6af217d32e10cbe980b029a02,475800531,PHOTOS_REMOVED.md
artifacts/transfers/pferi_v2/review/formal_reviewer_subpackages/reviewer_C/PAIR_REVIEW_reviewer_C_part_04_of_08.zip,formal_reviewer_subpackages,artifacts/transfers/pferi_v2/review/formal_reviewer_subpackages/SUBPACKAGE_MANIFEST.csv; artifacts/transfers/pferi_v2/review/formal_reviewer_subpackages/subpackage_audit.json,476512965,456704cc464715457af5c46fc70d5445e62559dd08bf0421a17e375737dec6ae,259,476441736,476441736,7,25944,18d3e27b8b8e40e421ee81b6ebd4231ef379b6b42975ea503a46eb1c84391650,476487021,PHOTOS_REMOVED.md
artifacts/transfers/pferi_v2/review/formal_reviewer_subpackages/reviewer_C/PAIR_REVIEW_reviewer_C_part_05_of_08.zip,formal_reviewer_subpackages,artifacts/transfers/pferi_v2/review/formal_reviewer_subpackages/SUBPACKAGE_MANIFEST.csv; artifacts/transfers/pferi_v2/review/formal_reviewer_subpackages/subpackage_audit.json,473672105,ec651e125e7946233212fb7ff1add048f7cb4c473cc3071e1e9d3c1725a35486,297,473591646,473591646,7,28413,9b985f9c1a9e8d628ef8d4eb84c7f2a9ba775ed88cdf78e3ea6efc32d069083d,473643692,PHOTOS_REMOVED.md
artifacts/transfers/pferi_v2/review/formal_reviewer_subpackages/reviewer_C/PAIR_REVIEW_reviewer_C_part_06_of_08.zip,formal_reviewer_subpackages,artifacts/transfers/pferi_v2/review/formal_reviewer_subpackages/SUBPACKAGE_MANIFEST.csv; artifacts/transfers/pferi_v2/review/formal_reviewer_subpackages/subpackage_audit.json,478438246,b1ffbe2d39de684b02e3b9a67d03d59724dd66cc2f09925f5e6196fb52d89214,288,478359800,478359800,7,28002,482cd278bd29f9e8b640d14bccadd7822aef5322e49364b9c6c7d1eb8ffc493b,478410244,PHOTOS_REMOVED.md
artifacts/transfers/pferi_v2/review/formal_reviewer_subpackages/reviewer_C/PAIR_REVIEW_reviewer_C_part_07_of_08.zip,formal_reviewer_subpackages,artifacts/transfers/pferi_v2/review/formal_reviewer_subpackages/SUBPACKAGE_MANIFEST.csv; artifacts/transfers/pferi_v2/review/formal_reviewer_subpackages/subpackage_audit.json,476901439,761dce05fcd7ba60d5195a7288ceae55989b8eb5fbfef3348316d594669bad6f,256,476830607,476830607,7,26083,d9ac94c8547064d6f3848a5d05ea875a39a8167f77ac59c4a443bdaab71480e6,476875356,PHOTOS_REMOVED.md
artifacts/transfers/pferi_v2/review/formal_reviewer_subpackages/reviewer_C/PAIR_REVIEW_reviewer_C_part_08_of_08.zip,formal_reviewer_subpackages,artifacts/transfers/pferi_v2/review/formal_reviewer_subpackages/SUBPACKAGE_MANIFEST.csv; artifacts/transfers/pferi_v2/review/formal_reviewer_subpackages/subpackage_audit.json,300389263,5f121ebd330ff308795075ed56f1660f7cfd72f9ee08540856a326c65e61e5b8,163,300342795,300342795,7,18270,e71a65d66dbd71649c9fbc5fd0f9c0c7e479f73d621220d65cbbcb2e1e1c9b9e,300370993,PHOTOS_REMOVED.md
artifacts/transfers/pferi_v2/review/formal_reviewer_subpackages/reviewer_D/PAIR_REVIEW_reviewer_D_part_01_of_08.zip,formal_reviewer_subpackages,artifacts/transfers/pferi_v2/review/formal_reviewer_subpackages/SUBPACKAGE_MANIFEST.csv; artifacts/transfers/pferi_v2/review/formal_reviewer_subpackages/subpackage_audit.json,475575564,f5d637d2a2f8827cccbe626b12d0ef0530d6738075a0eddb02e3c55a97ff17d1,279,475500090,475500090,7,26629,2da52d515637da799488182330fe67e40509556742f50cc239f0de8578b6cda1,475548935,PHOTOS_REMOVED.md
artifacts/transfers/pferi_v2/review/formal_reviewer_subpackages/reviewer_D/PAIR_REVIEW_reviewer_D_part_02_of_08.zip,formal_reviewer_subpackages,artifacts/transfers/pferi_v2/review/formal_reviewer_subpackages/SUBPACKAGE_MANIFEST.csv; artifacts/transfers/pferi_v2/review/formal_reviewer_subpackages/subpackage_audit.json,478856274,1e526e329e83fa363bebed7b880c801e9c8ea49c52990cd56e0915a1e1a323fc,261,478784552,478784552,7,26083,9731920a5d52594f621e398f756c739e0d4bdfbf3935d48320e7d09df32e87ce,478830191,PHOTOS_REMOVED.md
artifacts/transfers/pferi_v2/review/formal_reviewer_subpackages/reviewer_D/PAIR_REVIEW_reviewer_D_part_03_of_08.zip,formal_reviewer_subpackages,artifacts/transfers/pferi_v2/review/formal_reviewer_subpackages/SUBPACKAGE_MANIFEST.csv; artifacts/transfers/pferi_v2/review/formal_reviewer_subpackages/subpackage_audit.json,479022436,0b5b9586e4b0b6c9519aa5f41f2dbb8cce1564c505ba53f9add55b789bc35c4d,260,478951303,478951303,7,25673,76c34b1f04314238508b004298b93fade9d674a3b502e69dc49d2fe007ab2e9d,478996763,PHOTOS_REMOVED.md
artifacts/transfers/pferi_v2/review/formal_reviewer_subpackages/reviewer_D/PAIR_REVIEW_reviewer_D_part_04_of_08.zip,formal_reviewer_subpackages,artifacts/transfers/pferi_v2/review/formal_reviewer_subpackages/SUBPACKAGE_MANIFEST.csv; artifacts/transfers/pferi_v2/review/formal_reviewer_subpackages/subpackage_audit.json,476360718,81bc040e9dff7e094831b0b6628341692d4328fe00d75ae21fb0a9564709a8f9,280,476284244,476284244,7,27454,ec51e709f14f9c77b74c880e57de86faf243b5eadecdcf5c377390b77f138d50,476333264,PHOTOS_REMOVED.md
artifacts/transfers/pferi_v2/review/formal_reviewer_subpackages/reviewer_D/PAIR_REVIEW_reviewer_D_part_05_of_08.zip,formal_reviewer_subpackages,artifacts/transfers/pferi_v2/review/formal_reviewer_subpackages/SUBPACKAGE_MANIFEST.csv; artifacts/transfers/pferi_v2/review/formal_reviewer_subpackages/subpackage_audit.json,478361853,4aa5c11e0ef7eba3849d78aded3f983d1b4d0b76f5ab7fbb030b4a66b386bdf3,286,478283763,478283763,7,28002,9cd921b486a0767d7a6131bbbfc2c4193b0f030fda9d99de5e2048fb46c1bd2a,478333851,PHOTOS_REMOVED.md
artifacts/transfers/pferi_v2/review/formal_reviewer_subpackages/reviewer_D/PAIR_REVIEW_reviewer_D_part_06_of_08.zip,formal_reviewer_subpackages,artifacts/transfers/pferi_v2/review/formal_reviewer_subpackages/SUBPACKAGE_MANIFEST.csv; artifacts/transfers/pferi_v2/review/formal_reviewer_subpackages/subpackage_audit.json,472725227,830f60c79de926f41681a6c73c77ac863cd34b79684deda30c768c9bb6ed6809,271,472650903,472650903,7,26905,2b3cd79d0a61283666ba45f4f937d89d554a074897c62e02e75ce500dfa45c76,472698322,PHOTOS_REMOVED.md
artifacts/transfers/pferi_v2/review/formal_reviewer_subpackages/reviewer_D/PAIR_REVIEW_reviewer_D_part_07_of_08.zip,formal_reviewer_subpackages,artifacts/transfers/pferi_v2/review/formal_reviewer_subpackages/SUBPACKAGE_MANIFEST.csv; artifacts/transfers/pferi_v2/review/formal_reviewer_subpackages/subpackage_audit.json,477145309,d03b254c3cf39f8010da38d7488525efd11a5869f554d167b08a52d7eccb8324,249,477076408,477076408,7,25400,3c97c245cbddb07e5da97b8b2b415699a3a78a1b401437e2c684c005319efa1e,477119909,PHOTOS_REMOVED.md
artifacts/transfers/pferi_v2/review/formal_reviewer_subpackages/reviewer_D/PAIR_REVIEW_reviewer_D_part_08_of_08.zip,formal_reviewer_subpackages,artifacts/transfers/pferi_v2/review/formal_reviewer_subpackages/SUBPACKAGE_MANIFEST.csv; artifacts/transfers/pferi_v2/review/formal_reviewer_subpackages/subpackage_audit.json,347041288,693a8ba5364c636f1816beaf470a944ea8a912a260ff0d916601ee739ddebc93,201,346984904,346984904,7,21423,9664c8a807bacd30113f7128fc361e2bc3a15ef434798693ce2d98873e00b8bd,347019865,PHOTOS_REMOVED.md
artifacts/transfers/pferi_v2/review/task15i_reviewer_packages/candidate_reviewer_packages/PAIR_REVIEW_reviewer_A.zip,task15i_reviewer_packages,artifacts/transfers/pferi_v2/review/task15i_reviewer_packages/restricted/restricted_asset_map.csv; data/candidate-reservoirs/task15i_independent_lynx_v1/images/,2393559516,7e4dfc3a46ba77f297e0fc596beea28321377ac79f27084bb1917040252808b4,1267,2394313556,2393296609,6,36558,4cd0045e5f1bcebf545bf98134abf779a0637cb2342ea12dc9b45190b05efee2,2393522958,PHOTOS_REMOVED.md
artifacts/transfers/pferi_v2/review/task15i_reviewer_packages/candidate_reviewer_packages/PAIR_REVIEW_reviewer_B.zip,task15i_reviewer_packages,artifacts/transfers/pferi_v2/review/task15i_reviewer_packages/restricted/restricted_asset_map.csv; data/candidate-reservoirs/task15i_independent_lynx_v1/images/,2274405063,2b771296fb4f651c25414ef90e3ac2c964b7217bc108fa99de4144531a2ed506,1260,2274832532,2274144395,6,36317,89b7abf4f19def05fa676cfce5e93b8e227ca05df222293eb1c2e989749cb3ca,2274368746,PHOTOS_REMOVED.md
artifacts/transfers/pferi_v2/review/task15i_reviewer_packages/candidate_reviewer_packages/PAIR_REVIEW_reviewer_C.zip,task15i_reviewer_packages,artifacts/transfers/pferi_v2/review/task15i_reviewer_packages/restricted/restricted_asset_map.csv; data/candidate-reservoirs/task15i_independent_lynx_v1/images/,2235890757,c23971ca33ca525e53706fd940ef05605b89408bcb519ca8d5f36929f141c20f,1258,2236554369,2235630775,6,36290,4ea1fe6256af23b9c95e3cbba394472a613af8636df4afeab7b013d3de885a05,2235854467,PHOTOS_REMOVED.md
artifacts/transfers/pferi_v2/review/task15i_reviewer_packages/candidate_reviewer_packages/PAIR_REVIEW_reviewer_D.zip,task15i_reviewer_packages,artifacts/transfers/pferi_v2/review/task15i_reviewer_packages/restricted/restricted_asset_map.csv; data/candidate-reservoirs/task15i_independent_lynx_v1/images/,2353967885,9b9e27e457625558aadb53e8ccb478e608136eeb2e2f835dd04a117fe728c045,1260,2354812107,2353706851,6,36278,02cc147c6bebeb8a9f743996dd98d43b346352b53c1c0a7ed39532a2cf476be3,2353931607,PHOTOS_REMOVED.md
work/pferi_v2/gpu/packages/task15k_calibration/PF_ERI_TASK15K_CALIBRATION_MODELSCOPE_CONTROL_PACKAGE.zip,task15k_modelscope_package,scripts/build_task15k_calibration_modelscope_package.py; inputs/selected_image_manifest.csv,387775177,d24f4f4949df230b6e9eaf56862ecb58a390a8737c782eb71b30c8f0c832af56,560,387926796,387376933,11,196440,b3fd1756a67c9d67fd8575ae88d87d2d7e9d067e78a28b055ad3a3a76ad14ce1,387578737,PHOTOS_REMOVED.md
work/pferi_v2/gpu/packages/task15m_confirmation/PF_ERI_TASK15M_CONFIRMATION_MODELSCOPE_CONTROL_PACKAGE.zip,task15m_modelscope_package,scripts/build_task15m_confirmation_modelscope_package.py; inputs/selected_image_manifest.csv; data/frozen/pferi_v2/lynx-wild/images/,354702618,4dd1f27550b5d192a7fb57d7ac3a48dace8c81051b96f72acccaa0942ecdb372,815,356816709,353897541,14,575631,baf20ba868bd7ed53ea89e3253f1ae0f99b08cf1efc25641f0b9744c375e9b23,354126987,PHOTOS_REMOVED.md
