source_path,archive_path,size_bytes,sha256,source_commit
scripts/analyze_phase16e_bobcat_scores.py,archive/pferi_v1/reproducibility/scripts/analyze_phase16e_bobcat_scores.py,14711,cf1042770a7a8c78d54837ff80aeb0b5497aabb5ed4e74b36f7c9cc1bb7b49ba,eb75d77f96309b922597d8877cd81551e7db0ac0
scripts/audit_phase11_pair_level_pf_eri_table.py,archive/pferi_v1/reproducibility/scripts/audit_phase11_pair_level_pf_eri_table.py,7145,c760f8d47e4e286d946ddb4355f3f5a8c23a69f1378601ba78a35a46432d1d71,eb75d77f96309b922597d8877cd81551e7db0ac0
scripts/audit_phase11c_split_level_diagnostics.py,archive/pferi_v1/reproducibility/scripts/audit_phase11c_split_level_diagnostics.py,6270,e2700c13c7b58358ea2dd05b5d5b33ec425764f5ba921f963533466f13b4d743,eb75d77f96309b922597d8877cd81551e7db0ac0
scripts/audit_phase12_pair_candidate_analysis_table.py,archive/pferi_v1/reproducibility/scripts/audit_phase12_pair_candidate_analysis_table.py,10214,aae413ae2054effc2060ecbf814bf31eb4d0aca7dd52db42eb156660a240655c,eb75d77f96309b922597d8877cd81551e7db0ac0
scripts/audit_phase12_rq1_rq3_evidence_analysis.py,archive/pferi_v1/reproducibility/scripts/audit_phase12_rq1_rq3_evidence_analysis.py,5183,ab699addb04f4e8f552d653b2b3432475e9d03c48e8eaa0023202c997a947e4b,eb75d77f96309b922597d8877cd81551e7db0ac0
scripts/audit_phase12c_confidence_evidence.py,archive/pferi_v1/reproducibility/scripts/audit_phase12c_confidence_evidence.py,5331,ebb7fd36d1f1b0244715bb5fc2047b823d9dec9c1e25a101c841a3a969b54a77,eb75d77f96309b922597d8877cd81551e7db0ac0
scripts/audit_phase12d_failure_diagnosis_and_policy_revision.py,archive/pferi_v1/reproducibility/scripts/audit_phase12d_failure_diagnosis_and_policy_revision.py,4878,a962d73d795851529ef0abacc1c8ab827be2602695588dea5d51b8a5673ec445,eb75d77f96309b922597d8877cd81551e7db0ac0
scripts/audit_phase13_learned_candidate_utility.py,archive/pferi_v1/reproducibility/scripts/audit_phase13_learned_candidate_utility.py,6235,44c7b51b93e50cb5daf7f7ad473e5b4a5d524be5de4698039defe3b110960933,eb75d77f96309b922597d8877cd81551e7db0ac0
scripts/audit_phase13b_quality_boundary_diagnosis.py,archive/pferi_v1/reproducibility/scripts/audit_phase13b_quality_boundary_diagnosis.py,3534,f5643ff2c491b808eca1bf186f2676a43462ea8f9b8d71987e619ce9b513c106,eb75d77f96309b922597d8877cd81551e7db0ac0
scripts/audit_phase13c_rq4_training_control_manifest.py,archive/pferi_v1/reproducibility/scripts/audit_phase13c_rq4_training_control_manifest.py,5681,cc3d6967aaaf5255494bb5d6fc09c8a3b0237dce032ec74a0f5c030ed72ef17d,eb75d77f96309b922597d8877cd81551e7db0ac0
scripts/audit_phase13d_rq4_fixed_embedding_training.py,archive/pferi_v1/reproducibility/scripts/audit_phase13d_rq4_fixed_embedding_training.py,5608,0c51566b1d6fbb894e99fa2e5f89506bb5101bc253fd2dcc56cb51af9db51e3f,eb75d77f96309b922597d8877cd81551e7db0ac0
scripts/audit_phase13e_rq4_identity_split_disjointness.py,archive/pferi_v1/reproducibility/scripts/audit_phase13e_rq4_identity_split_disjointness.py,2471,a937657f309385a891cd70da6411b75334d297e9809b68ef0e7040a521153b93,eb75d77f96309b922597d8877cd81551e7db0ac0
scripts/audit_phase14_bobcat_high_confidence_inventory.py,archive/pferi_v1/reproducibility/scripts/audit_phase14_bobcat_high_confidence_inventory.py,9010,ee31ecd27a5f716142332ac197b02dac59b0af561052ca59b311dc7e648b8118,eb75d77f96309b922597d8877cd81551e7db0ac0
scripts/audit_phase14_cross_context_evidence_table.py,archive/pferi_v1/reproducibility/scripts/audit_phase14_cross_context_evidence_table.py,5506,4911458d90af4eebfbfd3d9ce94e2c9016f0216c77efce5534957d1d6b0d5ef4,eb75d77f96309b922597d8877cd81551e7db0ac0
scripts/audit_phase14_fcf_bobcat_ai_review_labels.py,archive/pferi_v1/reproducibility/scripts/audit_phase14_fcf_bobcat_ai_review_labels.py,4855,f780d5b7b264be22363e3d4277068e4922406c0b3ad448079b613d8d189ea5a0,eb75d77f96309b922597d8877cd81551e7db0ac0
scripts/audit_phase14_fcf_bobcat_prefeatures.py,archive/pferi_v1/reproducibility/scripts/audit_phase14_fcf_bobcat_prefeatures.py,5050,d2bb0ffcea7eabcad5c6654f762b599aba926a342532226105b3e2481ef943db,eb75d77f96309b922597d8877cd81551e7db0ac0
scripts/audit_phase14_uwin_bobcat_inventory.py,archive/pferi_v1/reproducibility/scripts/audit_phase14_uwin_bobcat_inventory.py,11891,31b89df5cac614ab0f51868426335a7bfa16d1200b69bf7fc4398172107ce41a,eb75d77f96309b922597d8877cd81551e7db0ac0
scripts/audit_phase14_uwin_bobcat_inventory_outputs.py,archive/pferi_v1/reproducibility/scripts/audit_phase14_uwin_bobcat_inventory_outputs.py,4084,7e7d66136fe0f969e5377d1b73eaec66fea202c1934b1285c9388f3cf17a97c3,eb75d77f96309b922597d8877cd81551e7db0ac0
scripts/audit_phase16g_pair_table.py,archive/pferi_v1/reproducibility/scripts/audit_phase16g_pair_table.py,2695,f79dd1e727fc5d76f1dd7109e14dfea0dd4585f8a7c5a43664056e7fca00be77,eb75d77f96309b922597d8877cd81551e7db0ac0
scripts/audit_phase7a_1000_reid_inputs.py,archive/pferi_v1/reproducibility/scripts/audit_phase7a_1000_reid_inputs.py,6175,3fc778d7bf005f27f9ffd0179f49c0f9acccf36f5a3c9bb7f8f9ccd33ca058e0,eb75d77f96309b922597d8877cd81551e7db0ac0
scripts/audit_phase9b_pf_eri_aware_fixed_descriptor_reranking.py,archive/pferi_v1/reproducibility/scripts/audit_phase9b_pf_eri_aware_fixed_descriptor_reranking.py,12377,b8efa5fae8be9d6fb8747eb5f1b89e33f63204a8d2804a29206f9654895deb89,eb75d77f96309b922597d8877cd81551e7db0ac0
scripts/audit_phase9b_r_pf_eri_reranking_refinement.py,archive/pferi_v1/reproducibility/scripts/audit_phase9b_r_pf_eri_reranking_refinement.py,12789,59f3750630f3f4b3670b73a4b4b7d829f2ca9b1922ccd77ab423ef856292ce6d,eb75d77f96309b922597d8877cd81551e7db0ac0
scripts/build_phase11_pair_level_pf_eri_table.py,archive/pferi_v1/reproducibility/scripts/build_phase11_pair_level_pf_eri_table.py,16143,61c4bd823a3fd9fe1c6da2a26f3f86d9eb907bd1bf3d5e79ad00c13ecdf86fd2,eb75d77f96309b922597d8877cd81551e7db0ac0
scripts/build_phase11c_split_level_diagnostics.py,archive/pferi_v1/reproducibility/scripts/build_phase11c_split_level_diagnostics.py,24785,71977ce88c5d461c1456430fe335191eaec7d118f20aa20f8d0a844baaf75343,eb75d77f96309b922597d8877cd81551e7db0ac0
scripts/build_phase12_pair_candidate_analysis_table.py,archive/pferi_v1/reproducibility/scripts/build_phase12_pair_candidate_analysis_table.py,21005,a9f5570e44dda6a8d4bafbe401df0eb9fd7ceb88a5606d0f4f309da0ddb0c8c9,eb75d77f96309b922597d8877cd81551e7db0ac0
scripts/build_phase12_rq1_rq3_evidence_analysis.py,archive/pferi_v1/reproducibility/scripts/build_phase12_rq1_rq3_evidence_analysis.py,20321,052e7ca71cca93b4e1c4d378f8c7f34ebd3d6cd2e449c7cb4560a2334aa26da6,eb75d77f96309b922597d8877cd81551e7db0ac0
scripts/build_phase12c_confidence_evidence.py,archive/pferi_v1/reproducibility/scripts/build_phase12c_confidence_evidence.py,23547,7ad4f25f58a3c63d52d72fc24962217a88faf027be1574c493d9711b901a9b6f,eb75d77f96309b922597d8877cd81551e7db0ac0
scripts/build_phase12d_failure_diagnosis_and_policy_revision.py,archive/pferi_v1/reproducibility/scripts/build_phase12d_failure_diagnosis_and_policy_revision.py,27302,175341fee1487fba6ee8aa3eae648f573dc42a4c7f939dfa319c31910155fca7,eb75d77f96309b922597d8877cd81551e7db0ac0
scripts/build_phase13_learned_candidate_utility.py,archive/pferi_v1/reproducibility/scripts/build_phase13_learned_candidate_utility.py,30478,5d03c0e6a88925bf70dabda7a5d243ac5e4b154977a064e2addf6906567a3190,eb75d77f96309b922597d8877cd81551e7db0ac0
scripts/build_phase13b_quality_boundary_diagnosis.py,archive/pferi_v1/reproducibility/scripts/build_phase13b_quality_boundary_diagnosis.py,15247,2cab3d4c46c5193b2004bc85ba49fd45e895b0259fe9390e85b921fee75f4f86,eb75d77f96309b922597d8877cd81551e7db0ac0
scripts/build_phase13c_rq4_training_control_manifest.py,archive/pferi_v1/reproducibility/scripts/build_phase13c_rq4_training_control_manifest.py,20407,6ebaf2f064c5eda01f6c1a64839b9b8dfdcf0b5d3f3b3992335371948de55c6f,eb75d77f96309b922597d8877cd81551e7db0ac0
scripts/build_phase13d_rq4_fixed_embedding_training.py,archive/pferi_v1/reproducibility/scripts/build_phase13d_rq4_fixed_embedding_training.py,24088,159f510c10c661133a23aeed177d4d3caecfc89c53cf716114b2d4612d1b4abd,eb75d77f96309b922597d8877cd81551e7db0ac0
scripts/build_phase14_2x2_evidence_sets.py,archive/pferi_v1/reproducibility/scripts/build_phase14_2x2_evidence_sets.py,14767,c9d19bf11f82f3ceb7e4eb831cdfba61daf6e754cb9b7b928098ef708ba54388,eb75d77f96309b922597d8877cd81551e7db0ac0
scripts/build_phase14_2x2_image_evidence_table.py,archive/pferi_v1/reproducibility/scripts/build_phase14_2x2_image_evidence_table.py,23304,b219c449b1efe3f41c028e30efbdbfd6c3493a6a7cc0dda00f336e2f8199c481,eb75d77f96309b922597d8877cd81551e7db0ac0
scripts/build_phase14_2x2_manual_audit_calibration.py,archive/pferi_v1/reproducibility/scripts/build_phase14_2x2_manual_audit_calibration.py,8025,75129a54e4e8e3d461ccfe0db256930075d1f48c2dff6087d243e362b8378627,eb75d77f96309b922597d8877cd81551e7db0ac0
scripts/build_phase14_2x2_pair_comparability_table.py,archive/pferi_v1/reproducibility/scripts/build_phase14_2x2_pair_comparability_table.py,27190,9f30c579840bae45bfe9d7592be720cb45c3b49eb4107515b89a591d66426949,eb75d77f96309b922597d8877cd81551e7db0ac0
scripts/build_phase14_cross_context_evidence_table.py,archive/pferi_v1/reproducibility/scripts/build_phase14_cross_context_evidence_table.py,11877,477f0de030c53f7880a962dd8321ab5ebf73974f9db82a02ef25af9fb65092fb,eb75d77f96309b922597d8877cd81551e7db0ac0
scripts/build_phase14_czechlynx_3000_auto_prefeatures.py,archive/pferi_v1/reproducibility/scripts/build_phase14_czechlynx_3000_auto_prefeatures.py,3845,c7757a8eed77749e8aca71eceb08a153761dc03442f71446c31f37e338af4354,eb75d77f96309b922597d8877cd81551e7db0ac0
scripts/build_phase14_descriptor_embedding_cloud_package.py,archive/pferi_v1/reproducibility/scripts/build_phase14_descriptor_embedding_cloud_package.py,14320,21ab879a7249fff0c1414a475ad924c29895e309a9609cb8402853c568045f07,eb75d77f96309b922597d8877cd81551e7db0ac0
scripts/build_phase14_descriptor_evidence_conflict_table.py,archive/pferi_v1/reproducibility/scripts/build_phase14_descriptor_evidence_conflict_table.py,11216,98de918d9b29d291cf3f118eb78ee7f516c7251ce4a9ccaf381a1010e498f74c,eb75d77f96309b922597d8877cd81551e7db0ac0
scripts/build_phase14_descriptor_retry_replacement_5_cloud_package.py,archive/pferi_v1/reproducibility/scripts/build_phase14_descriptor_retry_replacement_5_cloud_package.py,9939,fc538f58494a6364d21601e1b3c2ca934a64491df353b763fa04e774b5342643,eb75d77f96309b922597d8877cd81551e7db0ac0
scripts/build_phase14_detector_first_ai_admission.py,archive/pferi_v1/reproducibility/scripts/build_phase14_detector_first_ai_admission.py,20651,eb31521aa6939e947251d2f0347936e739f56fd9f7ec4d397650783c574625d2,eb75d77f96309b922597d8877cd81551e7db0ac0
scripts/build_phase14_fcf_bobcat_auto_prefeatures.py,archive/pferi_v1/reproducibility/scripts/build_phase14_fcf_bobcat_auto_prefeatures.py,10829,28f39fa986c30c8d3f94a3c508210e75c9643e8382fa2d727c290fa6a1acb3d4,eb75d77f96309b922597d8877cd81551e7db0ac0
scripts/build_phase14_megadetector_evidence_gate.py,archive/pferi_v1/reproducibility/scripts/build_phase14_megadetector_evidence_gate.py,11142,c6185d61516824a22bc7b2ae178d9dc023dc69631563184145e3a10886a5f0a3,eb75d77f96309b922597d8877cd81551e7db0ac0
scripts/build_phase14_risk_controlled_review_policy.py,archive/pferi_v1/reproducibility/scripts/build_phase14_risk_controlled_review_policy.py,25392,67787e7fdcfd8177c06ec77f9fdbaeebf3b5a868849b3cacf24b9d90a71f3889,eb75d77f96309b922597d8877cd81551e7db0ac0
scripts/build_phase14_statistical_analysis.py,archive/pferi_v1/reproducibility/scripts/build_phase14_statistical_analysis.py,34453,9b5210488c8865341069e25ef82293568caa85db05fc687a24e47f1a6b72093a,eb75d77f96309b922597d8877cd81551e7db0ac0
scripts/build_phase14_strict_2x2_evidence_sets.py,archive/pferi_v1/reproducibility/scripts/build_phase14_strict_2x2_evidence_sets.py,14512,cdfd46053116fcccbc9afd2bf495666831e0c6de23d0a58095b79b44c89e05f3,eb75d77f96309b922597d8877cd81551e7db0ac0
scripts/build_phase15_czechlynx_query_benchmark.py,archive/pferi_v1/reproducibility/scripts/build_phase15_czechlynx_query_benchmark.py,18190,31f7356ae787e440a2bb6bf5267522eb074f561ffb1d5eea89818b1236abc05a,eb75d77f96309b922597d8877cd81551e7db0ac0
scripts/build_phase15_hybrid_routing_policy.py,archive/pferi_v1/reproducibility/scripts/build_phase15_hybrid_routing_policy.py,23917,c8363463315550cc0c2d0e7a57633fce9bb10d250c775f95427585c8db1ca9ca,eb75d77f96309b922597d8877cd81551e7db0ac0
scripts/build_phase15c_repeated_ranker_validation.py,archive/pferi_v1/reproducibility/scripts/build_phase15c_repeated_ranker_validation.py,18603,b0bfe1ed6ecffd49fa4bb029ed9bbc853c9fca06b62c32586648a71657345eb1,eb75d77f96309b922597d8877cd81551e7db0ac0
scripts/build_phase15d_evidence_routed_review_policy.py,archive/pferi_v1/reproducibility/scripts/build_phase15d_evidence_routed_review_policy.py,16243,58cc2f12dd58c45c6d7f6ce522533c84c5066fa4c2492e6f98d75def3061f2a7,eb75d77f96309b922597d8877cd81551e7db0ac0
scripts/build_phase15e_wild_urban_transfer_stress.py,archive/pferi_v1/reproducibility/scripts/build_phase15e_wild_urban_transfer_stress.py,28442,0ae97ab7a78e8c862e4896c1ebe504f3040fc56be110c91cf381b79838511792,eb75d77f96309b922597d8877cd81551e7db0ac0
scripts/build_phase16_dataset_foundation_audit.py,archive/pferi_v1/reproducibility/scripts/build_phase16_dataset_foundation_audit.py,20417,eec7f64760b8bafb7db0fc2a337859e7a5b3c1183c981e6224bd679ccac84269,eb75d77f96309b922597d8877cd81551e7db0ac0
scripts/build_phase16_laterality_audit_table.py,archive/pferi_v1/reproducibility/scripts/build_phase16_laterality_audit_table.py,3929,a87901ccc4c42a33c808ca21c810764c4cab0bee9e0617e09eebd336aea7a296,eb75d77f96309b922597d8877cd81551e7db0ac0
scripts/build_phase16_laterality_aware_pair_audit.py,archive/pferi_v1/reproducibility/scripts/build_phase16_laterality_aware_pair_audit.py,5509,4bdb43c8c81d31be4b49ed62df013831f55a160ff2d66838747b199e88e2a6d9,eb75d77f96309b922597d8877cd81551e7db0ac0
scripts/build_phase16_leakage_pressure_audit.py,archive/pferi_v1/reproducibility/scripts/build_phase16_leakage_pressure_audit.py,5446,78fc034a349428b45573dbc165da03c48d0adf2dc4aaa4348bb2d77b30d98645,eb75d77f96309b922597d8877cd81551e7db0ac0
scripts/build_phase16f_czechlynx_constrained_selection.py,archive/pferi_v1/reproducibility/scripts/build_phase16f_czechlynx_constrained_selection.py,22011,d534839ec8a8dcc3b8af32cdd0c21cb41a575e3331e7cfce015e1d189a77ab4b,eb75d77f96309b922597d8877cd81551e7db0ac0
scripts/build_phase16g_czechlynx_pair_prototype.py,archive/pferi_v1/reproducibility/scripts/build_phase16g_czechlynx_pair_prototype.py,6414,19417a52da910fdad8d487779990f8408aadf46422743659e83489c5ee9bca2a,eb75d77f96309b922597d8877cd81551e7db0ac0
scripts/build_phase16g_pair_feature_schema.py,archive/pferi_v1/reproducibility/scripts/build_phase16g_pair_feature_schema.py,4149,3ebed12791a2aa2053523d9dca4230f5a773e712207896a04eb0c7b218b500e4,eb75d77f96309b922597d8877cd81551e7db0ac0
scripts/build_phase16h_czechlynx_calibrated_router.py,archive/pferi_v1/reproducibility/scripts/build_phase16h_czechlynx_calibrated_router.py,17582,0990c3c9bb6cd6b7581b7b0a63e3aacd3ee7efb34f873bcaa075e9b24df293c5,eb75d77f96309b922597d8877cd81551e7db0ac0
scripts/build_phase16h_czechlynx_readiness_controls.py,archive/pferi_v1/reproducibility/scripts/build_phase16h_czechlynx_readiness_controls.py,22962,81ef298da31b710ceff9ea34e295cd46604fbaeb2b2be13cdb40040b6adba782,eb75d77f96309b922597d8877cd81551e7db0ac0
scripts/build_phase17a_czechlynx_review_utility.py,archive/pferi_v1/reproducibility/scripts/build_phase17a_czechlynx_review_utility.py,23343,825003006e364c8248973f6583c062ca59cc206351efb2b697042cf412176817,eb75d77f96309b922597d8877cd81551e7db0ac0
scripts/build_phase17b_bobcat_transfer_stress.py,archive/pferi_v1/reproducibility/scripts/build_phase17b_bobcat_transfer_stress.py,23325,871c1182829cb8c7bec883b1dfa279574809aedd4decb4151f11fddf4f224c39,eb75d77f96309b922597d8877cd81551e7db0ac0
scripts/build_phase17c_bobcat_provisional_3000.py,archive/pferi_v1/reproducibility/scripts/build_phase17c_bobcat_provisional_3000.py,23232,8fb78d089b76018e9fb12bb0a0b9659242ddf0607fa9e5e2300cf564f14ebe9f,eb75d77f96309b922597d8877cd81551e7db0ac0
scripts/build_phase17d_bobcat_manual_audit_gate.py,archive/pferi_v1/reproducibility/scripts/build_phase17d_bobcat_manual_audit_gate.py,16394,7ee86ccedf46c9a20948448a75e986de45232c347a40e715d556a31521361e17,eb75d77f96309b922597d8877cd81551e7db0ac0
scripts/build_phase17k_bobcat_clarity_gate.py,archive/pferi_v1/reproducibility/scripts/build_phase17k_bobcat_clarity_gate.py,8566,66097a11af411988dcc03e4d862bc2cb964714ff1b3fa62ec96d84cb8f20f45b,eb75d77f96309b922597d8877cd81551e7db0ac0
scripts/build_phase17n_bobcat_final3000_seed_from_human_clear.py,archive/pferi_v1/reproducibility/scripts/build_phase17n_bobcat_final3000_seed_from_human_clear.py,12803,dffed3b0e5c816a0f20d26645716f13c2bb4e2cd81b72b8ab465e717c929c791,eb75d77f96309b922597d8877cd81551e7db0ac0
scripts/download_phase14_fcf_bobcat_images.py,archive/pferi_v1/reproducibility/scripts/download_phase14_fcf_bobcat_images.py,6907,7be06f61e9324bdc982c02e3f2a7263b787fc7a7cd4600632c15ef68f0b53824,eb75d77f96309b922597d8877cd81551e7db0ac0
scripts/extract_phase14_megadescriptor_embeddings.py,archive/pferi_v1/reproducibility/scripts/extract_phase14_megadescriptor_embeddings.py,5608,19eed59c5926421780fa8a50132521a6b27440d4aecce7b01775ab4949accf17,eb75d77f96309b922597d8877cd81551e7db0ac0
scripts/extract_phase7a_phase6_embeddings.py,archive/pferi_v1/reproducibility/scripts/extract_phase7a_phase6_embeddings.py,7903,879a6e94e7d65d5e8c93fe0a7f2f8d3ef9b4980365a39a846d005bd0d352a45e,eb75d77f96309b922597d8877cd81551e7db0ac0
scripts/fill_phase14_czechlynx_3000_review_labels.py,archive/pferi_v1/reproducibility/scripts/fill_phase14_czechlynx_3000_review_labels.py,5669,c3338906c35c1fd47ba33df61fbfe09a7b45e6cdb224993efb58b67c7651b041,eb75d77f96309b922597d8877cd81551e7db0ac0
scripts/fill_phase14_fcf_bobcat_review_labels.py,archive/pferi_v1/reproducibility/scripts/fill_phase14_fcf_bobcat_review_labels.py,7695,01f2fc28052b14ea1ff617754d72b1fd1d3bd8c3dd1b535296088a2be3bfa369,eb75d77f96309b922597d8877cd81551e7db0ac0
scripts/finalize_phase14_colab_megadetector_low_evidence_selection.py,archive/pferi_v1/reproducibility/scripts/finalize_phase14_colab_megadetector_low_evidence_selection.py,8176,564a2f3fcf1c5056f0f6b800efb8e15026684c05ceb1b33a96fbddff1a8a934c,eb75d77f96309b922597d8877cd81551e7db0ac0
scripts/finalize_phase14_colab_megadetector_selection.py,archive/pferi_v1/reproducibility/scripts/finalize_phase14_colab_megadetector_selection.py,7151,4e4dbd8d1f4429003af5420d5c899a78a3b8c84b6e8cd18bb64790c6c130f7f2,eb75d77f96309b922597d8877cd81551e7db0ac0
scripts/finalize_phase14_czechlynx_high_working_final.py,archive/pferi_v1/reproducibility/scripts/finalize_phase14_czechlynx_high_working_final.py,8465,27b2891ed55148d8de9fb0659519a9d50c1bf73709e608b4554f1c39f9e6dd85,eb75d77f96309b922597d8877cd81551e7db0ac0
scripts/finalize_phase14_low_evidence_topup_selection.py,archive/pferi_v1/reproducibility/scripts/finalize_phase14_low_evidence_topup_selection.py,10464,9a31bb168e2f42111d968b78184dcce1d951abd0f810f85a1a2d233ea3bb11e4,eb75d77f96309b922597d8877cd81551e7db0ac0
scripts/freeze_phase17_modeling_dataset.py,archive/pferi_v1/reproducibility/scripts/freeze_phase17_modeling_dataset.py,17470,2fc105ad64080c06e22078332116fd9867df18149b50ecb6030963781e4c0e40,eb75d77f96309b922597d8877cd81551e7db0ac0
scripts/package_phase14_2x2_manual_audit_400.py,archive/pferi_v1/reproducibility/scripts/package_phase14_2x2_manual_audit_400.py,8887,ff20547c34f357246ecee9045e5dfd1812b0a4bf2c27e6c7173bac46a0c1e381,eb75d77f96309b922597d8877cd81551e7db0ac0
scripts/package_phase14_czechlynx_3000_manual_review.py,archive/pferi_v1/reproducibility/scripts/package_phase14_czechlynx_3000_manual_review.py,5609,40f10d019460815ca5686b2f5a6e440848fd3217ad738e68be2792cc8ddaabe4,eb75d77f96309b922597d8877cd81551e7db0ac0
scripts/package_phase14_czechlynx_high_topup_colab.py,archive/pferi_v1/reproducibility/scripts/package_phase14_czechlynx_high_topup_colab.py,4817,9912d79de9eb6fa6f2acf686b5a2e3164169749fda8145faf27c2f523b63e63a,eb75d77f96309b922597d8877cd81551e7db0ac0
scripts/package_phase14_fcf_bobcat_refined_manual_review.py,archive/pferi_v1/reproducibility/scripts/package_phase14_fcf_bobcat_refined_manual_review.py,5351,b16eff196ddff2fc6bf43433108e59d0dba3e8ddf8bef76d6e161e0e5c21c7d9,eb75d77f96309b922597d8877cd81551e7db0ac0
scripts/package_phase14_strict_2x2_validation_audit_200.py,archive/pferi_v1/reproducibility/scripts/package_phase14_strict_2x2_validation_audit_200.py,7697,8ae8fcb38ac20b015728824fc4765e839bffb143b531737ee3502526af195e61,eb75d77f96309b922597d8877cd81551e7db0ac0
scripts/package_phase15f_bobcat_pair_audit.py,archive/pferi_v1/reproducibility/scripts/package_phase15f_bobcat_pair_audit.py,13932,f1275eb92e052be61c8023ae6b96287325a66f628546d135bf083fc63277b821,eb75d77f96309b922597d8877cd81551e7db0ac0
scripts/package_phase16_expanded_high_confidence_candidate_pool.py,archive/pferi_v1/reproducibility/scripts/package_phase16_expanded_high_confidence_candidate_pool.py,11801,bd760f29f5a87c879a3b84bd44ac8587808e5c5a8bd5a38fb1979f3ad21330d1,eb75d77f96309b922597d8877cd81551e7db0ac0
scripts/package_phase16_high_confidence_quality_viewpoint_rescore.py,archive/pferi_v1/reproducibility/scripts/package_phase16_high_confidence_quality_viewpoint_rescore.py,13745,b9387d0f163cc9262cd50a6d0870bfbe0335b0d515723594d9eb707fb8d26618,eb75d77f96309b922597d8877cd81551e7db0ac0
scripts/package_phase16_strong_model_benchmark.py,archive/pferi_v1/reproducibility/scripts/package_phase16_strong_model_benchmark.py,4956,4b89b50654313468c9af2d662bea1592813ccb29e275fed4fa9547f88846edd0,eb75d77f96309b922597d8877cd81551e7db0ac0
scripts/package_phase16e2_bobcat_20k_candidate_pool.py,archive/pferi_v1/reproducibility/scripts/package_phase16e2_bobcat_20k_candidate_pool.py,20671,fe9a9f5be1d6b83a0c1d7607e9b47e84b8a03e3020f6d556446c9d6a1776f923,eb75d77f96309b922597d8877cd81551e7db0ac0
scripts/package_phase16e2_bobcat_remaining_local_images.py,archive/pferi_v1/reproducibility/scripts/package_phase16e2_bobcat_remaining_local_images.py,21520,89303662b5a72364b1b88ddda4199faad736621a702929e3731a85f20cae50a6,eb75d77f96309b922597d8877cd81551e7db0ac0
scripts/package_phase16e_candidate_model_filter_colab.py,archive/pferi_v1/reproducibility/scripts/package_phase16e_candidate_model_filter_colab.py,46436,9a15f04af9e9533388d080c4875195de8799a098b62fc12056e10538f9293572,eb75d77f96309b922597d8877cd81551e7db0ac0
scripts/package_phase16e_czechlynx_direct_split_zips.py,archive/pferi_v1/reproducibility/scripts/package_phase16e_czechlynx_direct_split_zips.py,10615,c9f686de1ddc89f5b8fd8cc6b102c0b2c4b317d2a5e325d0052be6cca027540f,eb75d77f96309b922597d8877cd81551e7db0ac0
scripts/package_phase16e_czechlynx_kaggle_remaining_package.py,archive/pferi_v1/reproducibility/scripts/package_phase16e_czechlynx_kaggle_remaining_package.py,14978,6cda6dfbcc821d0c328045d073a01f24eca078064d060a0c195ed7a03ba8c390,eb75d77f96309b922597d8877cd81551e7db0ac0
scripts/phase8_pf_eri_retrieval_control_v2_optimizer.py,archive/pferi_v1/reproducibility/scripts/phase8_pf_eri_retrieval_control_v2_optimizer.py,43868,bd0fd49532cf34afab3d04bd35de587e446faf4484dfde6b9ed127b585e881c7,eb75d77f96309b922597d8877cd81551e7db0ac0
scripts/phase9b_pf_eri_aware_fixed_descriptor_reranking.py,archive/pferi_v1/reproducibility/scripts/phase9b_pf_eri_aware_fixed_descriptor_reranking.py,55309,f2232c2c6e78ac233502bafb748d4156aaf0ef6e7f2d7ba61afbe51e9e755366,eb75d77f96309b922597d8877cd81551e7db0ac0
scripts/phase9b_r_pf_eri_reranking_refinement.py,archive/pferi_v1/reproducibility/scripts/phase9b_r_pf_eri_reranking_refinement.py,41736,db918a54b69f21edcfc7e523db239743c758d226edbaa6ad777c3e5667ce6227,eb75d77f96309b922597d8877cd81551e7db0ac0
scripts/prepare_phase14_2x2_bobcat_expansion_manifest.py,archive/pferi_v1/reproducibility/scripts/prepare_phase14_2x2_bobcat_expansion_manifest.py,4607,72a4b04f692e3702323c0b42c41d8182a25f3fc4a16b03e108b4774141a07361,eb75d77f96309b922597d8877cd81551e7db0ac0
scripts/prepare_phase14_2x2_czechlynx_expansion_manifest.py,archive/pferi_v1/reproducibility/scripts/prepare_phase14_2x2_czechlynx_expansion_manifest.py,6698,c1ace99b93ffbfe06b2a2a1431ac0829b97b125c6c44b62b16e478f64daf9f80,eb75d77f96309b922597d8877cd81551e7db0ac0
scripts/prepare_phase14_colab_megadetector_low_evidence_package.py,archive/pferi_v1/reproducibility/scripts/prepare_phase14_colab_megadetector_low_evidence_package.py,7960,c813976f89a80611625c4ec994674ac2906b81ded024cc199f0d3d398d941f16,eb75d77f96309b922597d8877cd81551e7db0ac0
scripts/prepare_phase14_colab_megadetector_package.py,archive/pferi_v1/reproducibility/scripts/prepare_phase14_colab_megadetector_package.py,7684,baa16cce7293c3f89ea0a6e0a2558a31edaacb14b21d194e895c8ef020e9e661,eb75d77f96309b922597d8877cd81551e7db0ac0
scripts/prepare_phase14_czechlynx_3000_manifest.py,archive/pferi_v1/reproducibility/scripts/prepare_phase14_czechlynx_3000_manifest.py,6911,f76d69eb98ddd9ccf89d8a957d82a7eb0e32d048191e6a0c4344ce7d12888b68,eb75d77f96309b922597d8877cd81551e7db0ac0
scripts/prepare_phase14_czechlynx_high_topup_candidates.py,archive/pferi_v1/reproducibility/scripts/prepare_phase14_czechlynx_high_topup_candidates.py,5644,ccc92b0ee41d399b90604e17fb6b6dcea37427456dd9e67ba3c792bdcda541a4,eb75d77f96309b922597d8877cd81551e7db0ac0
scripts/prepare_phase14_descriptor_embedding_manifest.py,archive/pferi_v1/reproducibility/scripts/prepare_phase14_descriptor_embedding_manifest.py,6023,2463f9422fd546ce7ff5bdc7c9deaf4342ed9991081707ae3498bf6a6b84a441,eb75d77f96309b922597d8877cd81551e7db0ac0
scripts/prepare_phase14_fcf_bobcat_manifest.py,archive/pferi_v1/reproducibility/scripts/prepare_phase14_fcf_bobcat_manifest.py,7749,f8e877cea7fa24add20f482ad05e3f36ed28d1d030b7e0b4da5d2f1b4359c45a,eb75d77f96309b922597d8877cd81551e7db0ac0
scripts/prepare_phase14_fcf_bobcat_review_batch.py,archive/pferi_v1/reproducibility/scripts/prepare_phase14_fcf_bobcat_review_batch.py,6558,695b56b1311061df3e7b9dabbbb89410328a186738847fca5adae4dac3084748,eb75d77f96309b922597d8877cd81551e7db0ac0
scripts/prepare_phase14_low_evidence_topup_colab_package.py,archive/pferi_v1/reproducibility/scripts/prepare_phase14_low_evidence_topup_colab_package.py,10270,6b9171374e455e567dd9e1ed7f3800b4e2238fcbb251e6f38abc5f4fccea9b8f,eb75d77f96309b922597d8877cd81551e7db0ac0
scripts/prepare_phase14_strict_czechlynx_expansion_manifest.py,archive/pferi_v1/reproducibility/scripts/prepare_phase14_strict_czechlynx_expansion_manifest.py,6377,fd86118d0d2d4714ff6549a153825355845a33b1ed0e4c7ae1b88b056bfd7f6f,eb75d77f96309b922597d8877cd81551e7db0ac0
scripts/prepare_phase7a_1000_reid_inputs.py,archive/pferi_v1/reproducibility/scripts/prepare_phase7a_1000_reid_inputs.py,6053,95b4cc2382ef1610e5064c201ce0368e337c2adce04d7b291a464dd0c64a5ce5,eb75d77f96309b922597d8877cd81551e7db0ac0
scripts/prioritize_phase14_fcf_bobcat_manual_checks.py,archive/pferi_v1/reproducibility/scripts/prioritize_phase14_fcf_bobcat_manual_checks.py,3185,d21493ffbd9184416ea1c8cfa3edd954fab1912f20a8eaaeed9bf284999a1564,eb75d77f96309b922597d8877cd81551e7db0ac0
scripts/promote_phase14_bobcat_detector_first_to_working_final.py,archive/pferi_v1/reproducibility/scripts/promote_phase14_bobcat_detector_first_to_working_final.py,4129,39c949ed8a3b6c6748ad1ceb30db9669eecf74be5393b1233a9656e9a2df4c09,eb75d77f96309b922597d8877cd81551e7db0ac0
scripts/recalibrate_phase16e_candidate_scores.py,archive/pferi_v1/reproducibility/scripts/recalibrate_phase16e_candidate_scores.py,14597,5a7da865795eaaf0963a7bcad85249a866f87d212284399ba1dd4e850c2fdaa3,eb75d77f96309b922597d8877cd81551e7db0ac0
scripts/refine_phase14_czechlynx_3000_review_confidence.py,archive/pferi_v1/reproducibility/scripts/refine_phase14_czechlynx_3000_review_confidence.py,4423,8a5ea62702e89c333d94f74d620f288de0c1a5e1d1a846665d9a7016047039d9,eb75d77f96309b922597d8877cd81551e7db0ac0
scripts/refine_phase14_czechlynx_manual_review_with_pose.py,archive/pferi_v1/reproducibility/scripts/refine_phase14_czechlynx_manual_review_with_pose.py,10330,94890bf656efd225c5987305770bd59cd295cb540cc128c52b35f3183ff410fb,eb75d77f96309b922597d8877cd81551e7db0ac0
scripts/refine_phase14_fcf_bobcat_review_confidence.py,archive/pferi_v1/reproducibility/scripts/refine_phase14_fcf_bobcat_review_confidence.py,6188,6327ec1d9acaea079a810cda716c0073ecf64a6440c874af1c67b2b0dfa43809,eb75d77f96309b922597d8877cd81551e7db0ac0
scripts/repair_phase14_fcf_bobcat_manifest.py,archive/pferi_v1/reproducibility/scripts/repair_phase14_fcf_bobcat_manifest.py,4530,ceb4e72ceca3ea7a6476c436aff549d21e8e3c93cdd85d2e285fa5e0a8ded2b6,eb75d77f96309b922597d8877cd81551e7db0ac0
scripts/run_phase13d_rq4_multi_split.py,archive/pferi_v1/reproducibility/scripts/run_phase13d_rq4_multi_split.py,4996,613f6a2e27ed8575b6e8c939444c4678fbe2f3a696faeb446c89a4c0fe433f35,eb75d77f96309b922597d8877cd81551e7db0ac0
scripts/run_phase14_czechlynx_topup_megadetector.py,archive/pferi_v1/reproducibility/scripts/run_phase14_czechlynx_topup_megadetector.py,5133,ff9c9a5a35b529a3078cccb817f6fb8d22e7b33ac653dcc04769cfb50959669f,eb75d77f96309b922597d8877cd81551e7db0ac0
scripts/run_phase16g_real_czechlynx_pair_table.py,archive/pferi_v1/reproducibility/scripts/run_phase16g_real_czechlynx_pair_table.py,10892,fe85af03462137d9db3d6e0905b0d28262259ff38c2deb9f656131feb4986df8,eb75d77f96309b922597d8877cd81551e7db0ac0
scripts/safe_phase14_disk_cleanup.py,archive/pferi_v1/reproducibility/scripts/safe_phase14_disk_cleanup.py,14685,fa788f0b36c9a4acf3c8ca505993fa9556cf6eca53a44da5b32058f1c78bbf74,eb75d77f96309b922597d8877cd81551e7db0ac0
scripts/streamlit_phase17d_bobcat_manual_audit_app.py,archive/pferi_v1/reproducibility/scripts/streamlit_phase17d_bobcat_manual_audit_app.py,13393,c7a1163d332eb138b00d7d2bda7d4f4004f2a642131ad2129e537c1046ac8435,eb75d77f96309b922597d8877cd81551e7db0ac0
scripts/streamlit_phase17e_inat_bobcat_source_review_app.py,archive/pferi_v1/reproducibility/scripts/streamlit_phase17e_inat_bobcat_source_review_app.py,10913,bad014c6e5f7e7f344e971d6df3663ec56cb5c6f6f2d680538480306005efe09,eb75d77f96309b922597d8877cd81551e7db0ac0
scripts/streamlit_phase17e_inat_yesno_audit_app.py,archive/pferi_v1/reproducibility/scripts/streamlit_phase17e_inat_yesno_audit_app.py,7916,159546df3529de662ec33309662ca41313c448fcecd7d23218c59bcebab7895f,eb75d77f96309b922597d8877cd81551e7db0ac0
scripts/streamlit_phase17k_bobcat_clarity_gate_app.py,archive/pferi_v1/reproducibility/scripts/streamlit_phase17k_bobcat_clarity_gate_app.py,8813,2332465959844bd5126fa7130be024375715251f80047521c857924f334e6076,eb75d77f96309b922597d8877cd81551e7db0ac0
scripts/streamlit_phase17l_bobcat_strict_clarity_review_app.py,archive/pferi_v1/reproducibility/scripts/streamlit_phase17l_bobcat_strict_clarity_review_app.py,9035,7a4d4a320ec2e4f5fb2809067a5ec0af667b95a337fa7573d492fb3422f2d2f0,eb75d77f96309b922597d8877cd81551e7db0ac0
scripts/summarize_phase13d_rq4_fixed_embedding_training.py,archive/pferi_v1/reproducibility/scripts/summarize_phase13d_rq4_fixed_embedding_training.py,5571,ad490fefb1d107d42eed1ce4ddcf07191bda360928f6d109efe1fafcd9199c2d,eb75d77f96309b922597d8877cd81551e7db0ac0
scripts/summarize_phase16f_czechlynx_publication_selection.py,archive/pferi_v1/reproducibility/scripts/summarize_phase16f_czechlynx_publication_selection.py,12402,e40c74c416b27e40221e5401f5a77b4daacdfbd89717db9e957a7f589b15b01f,eb75d77f96309b922597d8877cd81551e7db0ac0
tests/test_phase16_dataset_foundation_audit.py,archive/pferi_v1/reproducibility/tests/test_phase16_dataset_foundation_audit.py,2646,2934fad46b1dbd98e9204b57916d206b2bfaf4fd77ecf8c359a0a33ce9be4d66,eb75d77f96309b922597d8877cd81551e7db0ac0
tests/test_phase16_laterality_logic.py,archive/pferi_v1/reproducibility/tests/test_phase16_laterality_logic.py,1517,db1f9058cc010fa205e4e9bc7411beaf475bed743b44f7c8e4d4f414485ec3c9,eb75d77f96309b922597d8877cd81551e7db0ac0
tests/test_phase16_leakage_logic.py,archive/pferi_v1/reproducibility/tests/test_phase16_leakage_logic.py,837,56246265a399c5c1ed6c9f7952f4bed35b50433d8d70d7ee296ed1d3094a98f7,eb75d77f96309b922597d8877cd81551e7db0ac0
tests/test_phase16e_bobcat_receiver.py,archive/pferi_v1/reproducibility/tests/test_phase16e_bobcat_receiver.py,3675,99e7df5bbb370cdfd49d397f15815405474db8d38c3b232e94eedc7a4bbf6b60,eb75d77f96309b922597d8877cd81551e7db0ac0
tests/test_phase16f_czechlynx_constrained_selection.py,archive/pferi_v1/reproducibility/tests/test_phase16f_czechlynx_constrained_selection.py,3845,8d144acf60e2150fdcf3cdd460b7048cd13d48d8f643e238746677c500e05e81,eb75d77f96309b922597d8877cd81551e7db0ac0
tests/test_phase16f_czechlynx_publication_summary.py,archive/pferi_v1/reproducibility/tests/test_phase16f_czechlynx_publication_summary.py,3339,cfa8219db4653d14dbc7d19bc68503d08fa3b7ba4ec8aba1c18ef3402d2b1659,eb75d77f96309b922597d8877cd81551e7db0ac0
tests/test_phase16g_czechlynx_pair_prototype.py,archive/pferi_v1/reproducibility/tests/test_phase16g_czechlynx_pair_prototype.py,3268,93f608b47ad4d6e38c2dc6fd20b34bf6cdb330613887b0a1c6b8232d6f9a5b65,eb75d77f96309b922597d8877cd81551e7db0ac0
tests/test_phase16g_pair_feature_schema.py,archive/pferi_v1/reproducibility/tests/test_phase16g_pair_feature_schema.py,1612,4ac1db98233ff73e6df8201d09c815351b620ccc687a8855e0cfc706dbeb1a01,eb75d77f96309b922597d8877cd81551e7db0ac0
tests/test_phase16g_pair_table_audit.py,archive/pferi_v1/reproducibility/tests/test_phase16g_pair_table_audit.py,2461,db3d0739a45e1d57e3252e9e313379d731543362bffdb051e66e0d1fc7825f39,eb75d77f96309b922597d8877cd81551e7db0ac0
tests/test_phase16g_real_czechlynx_pair_table.py,archive/pferi_v1/reproducibility/tests/test_phase16g_real_czechlynx_pair_table.py,7383,bc57d1d8152850388c4238d84ac6a81e842560155ba0533b6f339e78f8f74233,eb75d77f96309b922597d8877cd81551e7db0ac0
tests/test_phase16h_czechlynx_calibrated_router.py,archive/pferi_v1/reproducibility/tests/test_phase16h_czechlynx_calibrated_router.py,4042,9b79be8a2a865663c294e13051fca7d41e8a20eaaf19dd91a57d61beca901be2,eb75d77f96309b922597d8877cd81551e7db0ac0
tests/test_phase16h_czechlynx_readiness_controls.py,archive/pferi_v1/reproducibility/tests/test_phase16h_czechlynx_readiness_controls.py,6150,222b699eb4e0d7db4eb5c5cac639228bb68ba66769071fc90d1ebd06dabf3001,eb75d77f96309b922597d8877cd81551e7db0ac0
tests/test_phase17a_czechlynx_review_utility.py,archive/pferi_v1/reproducibility/tests/test_phase17a_czechlynx_review_utility.py,6494,6e6f74f9b598d9bd11d7ba82c8ddf74ce4ce732f83db53a16079eeb789bacfc0,eb75d77f96309b922597d8877cd81551e7db0ac0
tests/test_phase17b_bobcat_transfer_stress.py,archive/pferi_v1/reproducibility/tests/test_phase17b_bobcat_transfer_stress.py,4346,728619f074c802e8edc60552a55677a3dad261a4cc2fc4c7f987baa7a72680f3,eb75d77f96309b922597d8877cd81551e7db0ac0
tests/test_phase17c_bobcat_provisional_3000.py,archive/pferi_v1/reproducibility/tests/test_phase17c_bobcat_provisional_3000.py,5436,0125e9a4dc58d260bda161cb2df96475294adf2e988c04ebf8923c8b000b5342,eb75d77f96309b922597d8877cd81551e7db0ac0
tests/test_phase17d_bobcat_manual_audit_gate.py,archive/pferi_v1/reproducibility/tests/test_phase17d_bobcat_manual_audit_gate.py,4800,0cf93a079a4666aa4dfee6ca4b9096140a1e7c8d4832a22bef2db42acdd765c7,eb75d77f96309b922597d8877cd81551e7db0ac0
tests/test_package_phase16e2_bobcat_remaining_local_images.py,archive/pferi_v1/reproducibility/tests/test_package_phase16e2_bobcat_remaining_local_images.py,4544,adff71083808a7121919823b396c6000f4802476cc13b5b20071b97faead8152,eb75d77f96309b922597d8877cd81551e7db0ac0
scripts/apply_phase19_uwyo_bobcat_detector.py,archive/pferi_v1/reproducibility/scripts/apply_phase19_uwyo_bobcat_detector.py,12371,c311a2822e4731ee5c553c5d4ab11608d0ad546032f796304a39f36d5b2203f6,b0136e5a13b7508823f12c9697dc4772ac6709cd
scripts/build_phase18_review_utility_confidence.py,archive/pferi_v1/reproducibility/scripts/build_phase18_review_utility_confidence.py,7183,e4f7a762bbcb2edbe9ccecc4404c42a2edc4243d4f63389a039dfce308db5aa4,b0136e5a13b7508823f12c9697dc4772ac6709cd
scripts/build_phase18a_frozen_feature_manifest.py,archive/pferi_v1/reproducibility/scripts/build_phase18a_frozen_feature_manifest.py,9799,b93719174ba425e5145c39de860ae832b10dd16509faafe2b9779010f01156d6,b0136e5a13b7508823f12c9697dc4772ac6709cd
scripts/build_phase18b_local_descriptor_control.py,archive/pferi_v1/reproducibility/scripts/build_phase18b_local_descriptor_control.py,6450,befde9090fd60c7bb92a910876d3c5200082a8c41012336693ae570617ccb75d,b0136e5a13b7508823f12c9697dc4772ac6709cd
scripts/build_phase18c_czechlynx_pair_contract.py,archive/pferi_v1/reproducibility/scripts/build_phase18c_czechlynx_pair_contract.py,6747,898d79766bac160952d7f93bcbbef7db7e9dd04f9bc62c2d9224987945ae4840,b0136e5a13b7508823f12c9697dc4772ac6709cd
scripts/build_phase18d_pf_eri_pair_features.py,archive/pferi_v1/reproducibility/scripts/build_phase18d_pf_eri_pair_features.py,6329,e6b4906a291169f4cefea15914e6e02f1e284619a6c5b2e40a6c54d3c6cf4f59,b0136e5a13b7508823f12c9697dc4772ac6709cd
scripts/build_phase18e_review_router.py,archive/pferi_v1/reproducibility/scripts/build_phase18e_review_router.py,7801,e5769ad2402042310d9263a15ee87ae2a1f4e8288cd86f2c52e9b840b710911f,b0136e5a13b7508823f12c9697dc4772ac6709cd
scripts/build_phase18f_bobcat_transfer_readiness.py,archive/pferi_v1/reproducibility/scripts/build_phase18f_bobcat_transfer_readiness.py,8311,bac345ce1e28ff992396010aab14fe4b0d5223195b9dfa242f2eb564ce6154f8,b0136e5a13b7508823f12c9697dc4772ac6709cd
scripts/build_phase18g_strong_baseline_claim_gate.py,archive/pferi_v1/reproducibility/scripts/build_phase18g_strong_baseline_claim_gate.py,9528,fc02e6043238dde294cf4779c21b0450bf68cf631b9510c3aae21d1d85629748,b0136e5a13b7508823f12c9697dc4772ac6709cd
scripts/build_phase18h_pair_level_failure_mechanism.py,archive/pferi_v1/reproducibility/scripts/build_phase18h_pair_level_failure_mechanism.py,15453,afd0b4ba75543e6c39060271e3e04b4ad1a6f710686eebac5ac7ee542245c0bd,b0136e5a13b7508823f12c9697dc4772ac6709cd
scripts/build_phase18i_reviewability_analysis.py,archive/pferi_v1/reproducibility/scripts/build_phase18i_reviewability_analysis.py,16664,3d0d02d71cf3ac907cac00d8fb6226ecd2c3bcabfe3924ce178a64ecea645e47,b0136e5a13b7508823f12c9697dc4772ac6709cd
scripts/build_phase18i_targeted_review_packet.py,archive/pferi_v1/reproducibility/scripts/build_phase18i_targeted_review_packet.py,13659,d2930e622fb528e9702102722c130b1a8d8408798f8ad367cd251f5972f050ff,b0136e5a13b7508823f12c9697dc4772ac6709cd
scripts/build_phase18j_full_queue_review_packet.py,archive/pferi_v1/reproducibility/scripts/build_phase18j_full_queue_review_packet.py,12427,6702821938bf297c06e3b6553168aae90689b11729d22fcdd354c628078fef87,b0136e5a13b7508823f12c9697dc4772ac6709cd
scripts/build_phase18j_reviewer_agreement_analysis.py,archive/pferi_v1/reproducibility/scripts/build_phase18j_reviewer_agreement_analysis.py,16143,118fd1b0447f0aa5855346a8c4607c924a0e4b5951429179d8f3d14dd78f933e,b0136e5a13b7508823f12c9697dc4772ac6709cd
scripts/build_phase18k_adjudication_packet.py,archive/pferi_v1/reproducibility/scripts/build_phase18k_adjudication_packet.py,5201,4912b5deb84dd1bac52c7a4454595234f0bdb9fb8b7a83e4ab3b6684fff64162,b0136e5a13b7508823f12c9697dc4772ac6709cd
scripts/build_phase18k_highest_goal_validation.py,archive/pferi_v1/reproducibility/scripts/build_phase18k_highest_goal_validation.py,24802,d425a0b79dac0cb58ae05134f8eb9f13e330554a8f8c0d4aa2973eaf2b11e4b9,b0136e5a13b7508823f12c9697dc4772ac6709cd
scripts/build_phase18k_uncertainty_concentration.py,archive/pferi_v1/reproducibility/scripts/build_phase18k_uncertainty_concentration.py,14746,9b01b450fe2fbc3eb74951f80e93587577b43e14b59c54296a698ee4a5589787,b0136e5a13b7508823f12c9697dc4772ac6709cd
scripts/build_phase18l_descriptor_controlled_analysis.py,archive/pferi_v1/reproducibility/scripts/build_phase18l_descriptor_controlled_analysis.py,17956,146dcebcc644ac1c8195476d3a1e655861c5c65d1a454f6710dc947640486184,b0136e5a13b7508823f12c9697dc4772ac6709cd
scripts/build_phase18l_descriptor_controlled_review_packet.py,archive/pferi_v1/reproducibility/scripts/build_phase18l_descriptor_controlled_review_packet.py,13137,1447f6be9e7584c7c002a17c1504964c5bce68ab73fe204251e645d22467042a,b0136e5a13b7508823f12c9697dc4772ac6709cd
scripts/build_phase18m_identity_balanced_analysis.py,archive/pferi_v1/reproducibility/scripts/build_phase18m_identity_balanced_analysis.py,19396,eeb5ff2cb80054112669244dca012bf0bd662237fdf053f3806012b2db4b7779,b0136e5a13b7508823f12c9697dc4772ac6709cd
scripts/build_phase18m_identity_balanced_review_packet.py,archive/pferi_v1/reproducibility/scripts/build_phase18m_identity_balanced_review_packet.py,15681,08aed9bec1a3989ca24c65159837e25da6fb7427726d4609b8f689a0c97321b4,b0136e5a13b7508823f12c9697dc4772ac6709cd
scripts/build_phase18n_confirmatory_review_packet.py,archive/pferi_v1/reproducibility/scripts/build_phase18n_confirmatory_review_packet.py,19709,d38b313acdeec5017be4e4a45ba487ea3ca4b8c80cc663e68ef5f2ab778c9d56,b0136e5a13b7508823f12c9697dc4772ac6709cd
scripts/build_phase19_bobcat_area10_augmented_final3000.py,archive/pferi_v1/reproducibility/scripts/build_phase19_bobcat_area10_augmented_final3000.py,9468,04be8d0e3094a5c115dd751f508670978583610bd7814c28a20f1b791e74fce7,b0136e5a13b7508823f12c9697dc4772ac6709cd
scripts/build_phase19_bobcat_final3000_with_area10_seed.py,archive/pferi_v1/reproducibility/scripts/build_phase19_bobcat_final3000_with_area10_seed.py,11356,16834e80131bad8deffb6f5456f51cb41c666d9a2be64dfda8ae8b3236614bc6,b0136e5a13b7508823f12c9697dc4772ac6709cd
scripts/build_phase19_bobcat_inat_area10_queue.py,archive/pferi_v1/reproducibility/scripts/build_phase19_bobcat_inat_area10_queue.py,14996,da369c194ff02aed37b64d661a861007c95bcf16dac6786825bb1a3b5ef93546,b0136e5a13b7508823f12c9697dc4772ac6709cd
scripts/build_phase19_bobcat_inat_clarity_second_pass.py,archive/pferi_v1/reproducibility/scripts/build_phase19_bobcat_inat_clarity_second_pass.py,6684,4abc2697d2ed374f826b29d7060c1272d06f7c39ac4dc0a30491e3bb83fad32d,b0136e5a13b7508823f12c9697dc4772ac6709cd
scripts/build_phase19_bobcat_inat_daylight_clean_queue.py,archive/pferi_v1/reproducibility/scripts/build_phase19_bobcat_inat_daylight_clean_queue.py,11927,dffd7d713a335a219af632e9e44b30b6a3f760b0a76727f50bff06150778ef9d,b0136e5a13b7508823f12c9697dc4772ac6709cd
scripts/build_phase19_bobcat_wild_blur_gate_queue.py,archive/pferi_v1/reproducibility/scripts/build_phase19_bobcat_wild_blur_gate_queue.py,5725,3bb4e75ed28de502ec8d56b941f56501752acaf3bf48d7fba57806ab1cf51d8e,b0136e5a13b7508823f12c9697dc4772ac6709cd
scripts/build_phase19_bobcat_wild_body_gate_queue.py,archive/pferi_v1/reproducibility/scripts/build_phase19_bobcat_wild_body_gate_queue.py,7183,0bfa81e114f855c717328a16bf02a98b75a32c5e5f35e5339d7015b3f140ee68,b0136e5a13b7508823f12c9697dc4772ac6709cd
scripts/build_phase19_bobcat_wild_pixel_clarity_queue.py,archive/pferi_v1/reproducibility/scripts/build_phase19_bobcat_wild_pixel_clarity_queue.py,8185,ce4407522b2693e3a2c90157d8b9cdb46f76bbac93b43535d60b556fbd523e9f,b0136e5a13b7508823f12c9697dc4772ac6709cd
scripts/build_phase19_bobcat_wild_rescue_review_queue.py,archive/pferi_v1/reproducibility/scripts/build_phase19_bobcat_wild_rescue_review_queue.py,10279,128f4022902e4e438fba80b8c642f65eb7a2e5b388abc10e257550a961c1dbe0,b0136e5a13b7508823f12c9697dc4772ac6709cd
scripts/build_phase19_object_aware_clear_candidates.py,archive/pferi_v1/reproducibility/scripts/build_phase19_object_aware_clear_candidates.py,14778,afda3668e8617584733bf125fdebe5012138ff73e71ebbf1d9f40e1a8d0aafea,b0136e5a13b7508823f12c9697dc4772ac6709cd
scripts/build_phase19_strict_photo_prefilter.py,archive/pferi_v1/reproducibility/scripts/build_phase19_strict_photo_prefilter.py,18713,02d760dacffb5e6e83c77e09e46a3e3a670c9e4aaa4fbfe1eb95b26e59a67c9b,b0136e5a13b7508823f12c9697dc4772ac6709cd
scripts/build_phase19_strict_top3000_review_samples.py,archive/pferi_v1/reproducibility/scripts/build_phase19_strict_top3000_review_samples.py,9602,9d8637a8d738814045a2abece552ef247a44a75916fa6be004208a0a53d138fe,b0136e5a13b7508823f12c9697dc4772ac6709cd
scripts/download_phase19_candidate_pools.py,archive/pferi_v1/reproducibility/scripts/download_phase19_candidate_pools.py,18650,bda5c8108fa644257d8525787ea025a44b8bf27218ec3c725e18c839de9d36e8,b0136e5a13b7508823f12c9697dc4772ac6709cd
scripts/package_phase18_strong_baseline_handoff.py,archive/pferi_v1/reproducibility/scripts/package_phase18_strong_baseline_handoff.py,3325,6e6206ddf3e6e1be9ebc09d2288ebf8abda1f3df2d6d5d4bb62d76f1d16e2215,b0136e5a13b7508823f12c9697dc4772ac6709cd
scripts/phase18_pipeline_utils.py,archive/pferi_v1/reproducibility/scripts/phase18_pipeline_utils.py,4475,566be7d5047f3c6a43a526163e123e2874cd325099b944352db2b952906bddd1,b0136e5a13b7508823f12c9697dc4772ac6709cd
scripts/receive_phase18_strong_baseline_artifacts.py,archive/pferi_v1/reproducibility/scripts/receive_phase18_strong_baseline_artifacts.py,11231,95716fba2096153e81c39bca433b6e1d44af30beb38624a46914062fd1a48c46,b0136e5a13b7508823f12c9697dc4772ac6709cd
scripts/recompute_phase19_bobcat_wild_area_counts.py,archive/pferi_v1/reproducibility/scripts/recompute_phase19_bobcat_wild_area_counts.py,6230,f49467294db9fbed11441f338190e5bdd1faa24cad8a0e93bde63225200be901,b0136e5a13b7508823f12c9697dc4772ac6709cd
scripts/run_phase18_all.py,archive/pferi_v1/reproducibility/scripts/run_phase18_all.py,3239,d2a44f8396b02b624255576361978d2cbd078347b5af07d07fd5af9505ef597f,b0136e5a13b7508823f12c9697dc4772ac6709cd
scripts/run_phase18_strong_descriptor_pipeline.py,archive/pferi_v1/reproducibility/scripts/run_phase18_strong_descriptor_pipeline.py,5036,faffe38218f567021440d67280f56283e786163f9d148fe1aff472420b155c7a,b0136e5a13b7508823f12c9697dc4772ac6709cd
scripts/streamlit_phase18i_pair_review_app.py,archive/pferi_v1/reproducibility/scripts/streamlit_phase18i_pair_review_app.py,12981,bfb9dc11571f603adf3a30a2e6128d52e85cf31c3c02a857c29086fbef117ac4,b0136e5a13b7508823f12c9697dc4772ac6709cd
scripts/streamlit_phase18j_full_queue_review_app.py,archive/pferi_v1/reproducibility/scripts/streamlit_phase18j_full_queue_review_app.py,13042,a0573b7c40cbd27e0a45c2fea4ec4b2393667445f01aa460cb8858ae396266fe,b0136e5a13b7508823f12c9697dc4772ac6709cd
scripts/streamlit_phase18l_descriptor_controlled_review_app.py,archive/pferi_v1/reproducibility/scripts/streamlit_phase18l_descriptor_controlled_review_app.py,13338,dda20da785580b17e7fc10ce410efb390f973c745695a778cedc3f0265146977,b0136e5a13b7508823f12c9697dc4772ac6709cd
scripts/streamlit_phase18m_identity_balanced_review_app.py,archive/pferi_v1/reproducibility/scripts/streamlit_phase18m_identity_balanced_review_app.py,13627,ecb1aa29417be684fa9b2f66395cb4cd9b65255cca0657d0f9c45b99e18b942b,b0136e5a13b7508823f12c9697dc4772ac6709cd
scripts/streamlit_phase19_inat_clean_review_app.py,archive/pferi_v1/reproducibility/scripts/streamlit_phase19_inat_clean_review_app.py,9141,40c0ccb38655ba7e14ef6de6a314c2a132ecb3cb509cdf4ceedafc51a2d72543,b0136e5a13b7508823f12c9697dc4772ac6709cd
scripts/streamlit_phase19_manual_bbox_app.py,archive/pferi_v1/reproducibility/scripts/streamlit_phase19_manual_bbox_app.py,10458,e69a27bb55d167647a3358a28f07453a1021e32b172c85dac8521ff5db896ef0,b0136e5a13b7508823f12c9697dc4772ac6709cd
scripts/streamlit_phase19_strict_photo_review_app.py,archive/pferi_v1/reproducibility/scripts/streamlit_phase19_strict_photo_review_app.py,11705,3ed79a2b399b9195e334f006ddb17932a2ec5f063b0d6a0322e6554e386fea7f,b0136e5a13b7508823f12c9697dc4772ac6709cd
tests/test_phase18_pipeline.py,archive/pferi_v1/reproducibility/tests/test_phase18_pipeline.py,74574,ab576649854ec107985d3fe9d13e4d576486dd377747a4a7d059f688606eee47,b0136e5a13b7508823f12c9697dc4772ac6709cd
tests/test_phase18a_frozen_feature_manifest.py,archive/pferi_v1/reproducibility/tests/test_phase18a_frozen_feature_manifest.py,4628,4002a4762bea754c9e7ace12b1a468e549fc11c3d4234e6fda886d795a7c7769,b0136e5a13b7508823f12c9697dc4772ac6709cd
