path,size_bytes,sha256
paper/README.md,2728,953210700d12f5ea3f3b6b7c1ff1f8f2f0ce5a7126612ddef401da557e38be54
paper/audits/claim_boundary_consistency_audit.md,1742,b92116db13425028a67fcbd7a04d0357e10045767d4ea456c795d51d815597ac
paper/audits/manuscript_claim_boundary_audit.json,974,6260fdb60840f051680c363cff86227848eab65b6f672b4fe2b762f1985c4779
paper/audits/manuscript_claim_boundary_findings.csv,32900,f70c67845f94d26f9376ec5f5aca7469acfab1775da2e27028319b935de0d645
paper/audits/manuscript_figures_tables_audit.json,2839,d91061ea77454f18e1edd345b1551aa0d97527bbcb80f1fe03327366b205188d
paper/figures/figure1_pair_level_evidence_admission_chain.pdf,97604,0f8d12383751710e13c77e5fe29f64a6bccb0968702a05e77aff812ca832c37e
paper/figures/figure1_pair_level_evidence_admission_chain.png,215957,f29772ae012672489776a1e9e8c016fcc7526ad507ad63a2b151580908654052
paper/figures/figure1_pair_level_evidence_admission_chain.svg,96952,ea5e6bc3d3f0c66bc5b6e65ae1ee9be25f8a930c314cdb6982bf45f2fba55492
paper/figures/figure2_model_comparison.pdf,61658,04a0bdcb96ae702e8783291471f087a435071e221961ca46ff855e8eabeb1d2d
paper/figures/figure2_model_comparison.png,235386,529681c54c9c0a52a816227d2fae057e6c56f14f33743ede2906c13c0a73a926
paper/figures/figure2_model_comparison.svg,106089,26b73afc7aee1f283e303d5de2935aa8f2c2118c9060b7282eabbbcd65813ae3
paper/figures/figure3_quality_similarity_sensitivity.pdf,45319,17ad2ab51797da148394244291ac850156b339d30cf646219bb91dacb725efc2
paper/figures/figure3_quality_similarity_sensitivity.png,225643,e2dd212542484fc1ee27581426059e10db58c1db7172c64220f10987edc58073
paper/figures/figure3_quality_similarity_sensitivity.svg,36000,2fedaccf66bf889597a136f855ece3ce9f369a6db791b801d1fc56104757e973
paper/figures/figure4_review_budget_utility.pdf,44159,331e57418f1c35b6965394679b99223b6874159c8f1d106ac84c7bd6ef02faf8
paper/figures/figure4_review_budget_utility.png,222377,f191dd6503c1258b579c46fe48e7df99b79e3a6b55d2226e29da11e9434b0b6a
paper/figures/figure4_review_budget_utility.svg,37733,39453f4d847b4abaf8ba9561fa2b8f9f49c3b9f4f7e251206a405805b9d4ef7f
paper/manuscript/captions_and_table_notes.md,9036,6e0cb0e7e8bd2b891b8d2d58c99b0b4e426fae1689e11283f8c1d4b3d0d24589
paper/manuscript/main.md,38181,46d44466658870b2f40604484bf5c5c957c99d30e8593aaf05da82371c1d26c6
paper/manuscript/reference_inventory.md,7077,c619803d13cdf1394257441f4f59c717fdddfbb86f88cb20f5bb10b648b263c4
paper/photos/blind_reliability_contact_sheets/batch_01_blind_pair_0001_blind_pair_0020.jpg,1206011,6c0fe2106c95c030a820846bd17e0db0b3f2a6a94e16f0c7e1ff220cf6337eec
paper/photos/blind_reliability_contact_sheets/batch_02_blind_pair_0021_blind_pair_0040.jpg,1327090,62e3be52d1183b2a37caacc242406f749c213c171d1d828fa9b9bc5b25610e8d
paper/photos/blind_reliability_contact_sheets/batch_03_blind_pair_0041_blind_pair_0060.jpg,1306367,f4d3f3ce285150bf84bfb3c0269d3279c991fc93b9a0dc141f381e1acb5ff9ba
paper/photos/blind_reliability_contact_sheets/batch_04_blind_pair_0061_blind_pair_0080.jpg,1282057,e71a792de820caec6a1f5b023a46a4e98da47d33c5eeb1139081c49c137a3ad2
paper/photos/blind_reliability_contact_sheets/batch_05_blind_pair_0081_blind_pair_0100.jpg,1288886,4a6bb932f221bd4dfeb707c883d0ed23d1b22d2a8d08de3c8a0edc29684c1f57
paper/photos/blind_reliability_contact_sheets/batch_06_blind_pair_0101_blind_pair_0120.jpg,1332581,dfaf1298474b58721355742134b4e42d9f288b77632b3854aefee907a32f7ba5
paper/photos/blind_reliability_contact_sheets/batch_07_blind_pair_0121_blind_pair_0140.jpg,1301089,71cc0b6e924a5e5a54a28dc55bf950269d80c451e35a3e531688b25bc2eb9e73
paper/photos/blind_reliability_contact_sheets/batch_08_blind_pair_0141_blind_pair_0160.jpg,1343188,461cfa284a82931e33158023d9166a2c08462f2faac48088eb28d5bf227009d5
paper/photos/blind_reliability_contact_sheets/batch_09_blind_pair_0161_blind_pair_0180.jpg,1367975,a302bf473e2480549b673e15c2c0eaffdf41cad5d6f79fc62f8392619ae1958b
paper/photos/blind_reliability_contact_sheets/batch_10_blind_pair_0181_blind_pair_0200.jpg,1380159,a4e7d4016a52340c2b56b1b82e826e4afff67c7ca7f37ce329743fd5da83b34c
paper/photos/blind_reliability_contact_sheets/batch_11_blind_pair_0201_blind_pair_0220.jpg,1334514,534ff952d43849c6c4ef56eeb99b3c1c7210b9d2cdce9166ff0f1882b464b1f5
paper/photos/blind_reliability_contact_sheets/batch_12_blind_pair_0221_blind_pair_0240.jpg,1301268,5791e90b79b32c8d1b07b68934414c6210a799a197e085a4f47b24a08d29818b
paper/photos/blind_reliability_contact_sheets/batch_13_blind_pair_0241_blind_pair_0260.jpg,1181753,519ef4fa6f0390b34c84922d21adfa798bb228bfadf76a10340fe23b0fa5c873
paper/photos/blind_reliability_contact_sheets/batch_14_blind_pair_0261_blind_pair_0280.jpg,1201815,d655606a8fad8d8370e053b1469fd863717fc715d1ea39f9ea499255a8458f73
paper/project_report_draft.md,25745,eabc9daae50fc9f5742402797fdada003d2ccfe8dd6b8302b3a36ee5cc131a90
paper/protocols/confirmatory_review_protocol.md,3973,aba630f1eaf27fc1ee8c808cccbd81e7cc1fa4a9b71f23ca61c6b30ceb370ace
paper/protocols/pre_specified_analysis_plan.md,4198,4f2723d2d5788d40ea060bd0d052baf1855f60271b611ced51a255beed2683d6
paper/protocols/reviewer_guidelines.md,2401,fd4315ffed0c5998555893842f69245d98983ece65ef3284f929106f12cbcd0b
paper/review_packets/confirmatory_phase18n/dinov2_vitl14/phase18n_blind_review_form.csv,109440,d2a149fd089637dd7532b4f5872f475668787370ad9e9d1580a29c8156de457f
paper/review_packets/confirmatory_phase18n/dinov2_vitl14/phase18n_confirmatory_review_packet.csv,354247,ad4de05204a278706d826f826fd019ed7d7506aaba698fc7c90a5bdeb1b4c63c
paper/review_packets/confirmatory_phase18n/dinov2_vitl14/phase18n_confirmatory_review_packet_audit.json,14274,7f3c31cddb065bbad866d10027d9b3f894e15782773b4a77674d57a0d1c459ed
paper/review_packets/confirmatory_phase18n/dinov2_vitl14/phase18n_reviewability_codebook.csv,1248,39fbe30198cbdf953f5a96dc075b8f903c41448b9017897e0f7b5e58b2eaadd6
paper/review_packets/confirmatory_phase18n/dinov2_vitl14/reviewer_1_blind_review_form.csv,115440,ca8ec3c471b827f90d24e6d57480f308421802dabb4ff2ff09bd554b952222b2
paper/review_packets/confirmatory_phase18n/dinov2_vitl14/reviewer_2_blind_review_form.csv,115440,e0d5762b05ea9c5758f09bb7283cc110240123c13ad620d8daf38b6d7d890f5b
paper/review_packets/confirmatory_phase18n/dinov2_vitl14/reviewer_3_blind_review_form.csv,115440,ca642a0e4433494bad72f330a3b5965e001f48057c8be9e0424e640b8c9c048c
paper/review_packets/confirmatory_phase18n/megadescriptor_l_384/phase18n_blind_review_form.csv,113654,06e2401889623b4b2826615df41e767f29c64b35661c3f0db98b0cba0bbc7e72
paper/review_packets/confirmatory_phase18n/megadescriptor_l_384/phase18n_confirmatory_review_packet.csv,362998,3d03c6d0e329b6d02c97b7de381a94fc4c3dfd350f7cf7276e55deeee459e156
paper/review_packets/confirmatory_phase18n/megadescriptor_l_384/phase18n_confirmatory_review_packet_audit.json,14999,72e76a6a7eb9a762ba884d8053cc53f5f5d61e0059b021ab09d6204613040453
paper/review_packets/confirmatory_phase18n/megadescriptor_l_384/phase18n_reviewability_codebook.csv,1248,39fbe30198cbdf953f5a96dc075b8f903c41448b9017897e0f7b5e58b2eaadd6
paper/review_packets/confirmatory_phase18n/megadescriptor_l_384/reviewer_1_blind_review_form.csv,119654,fe237128c706c8172ea7bdfd22616481c4c7c4ac9a10bb5986c633655d61dbea
paper/review_packets/confirmatory_phase18n/megadescriptor_l_384/reviewer_2_blind_review_form.csv,119654,2829ea8c2ca664696615d5eae14b7fc9120a7d1ab7c4ac381905c52b86c2e459
paper/review_packets/confirmatory_phase18n/megadescriptor_l_384/reviewer_3_blind_review_form.csv,119654,436433f2d3e01608fd25ffe8d7258edc587ceef56dfbd5bc78bd03796dc05837
paper/review_packets/confirmatory_phase18n/phase18n_confirmatory_review_packet_combined_audit.json,31427,6bc9d6e9d2bab4f91f41d1fbdd7b256df09133aa9bced4cd072e518e7766eb0a
paper/reviews/confirmatory_expansion_plan.md,8525,2232a82d9844c1985e1291b45f41083b1fb35e75ab7f4ca89f8f174dfd7db464
paper/reviews/top_paper_benchmark_and_gap_review.md,25505,4b77da4b24a33e0b0bfc0a40a7f55365f8efba020d7e83ef925268b72d124223
paper/supplement/source_data/README.md,1022,01840507ee5b6e1788ccfc15a046f10e9826a29a5338bd27d0e37e2a8d0ebc5b
paper/supplement/source_data/display_item_source_map.csv,5171,14cf123d556056a09463d111236c51953309cb415eaa2287b2889f0ac3029498
paper/supplement/source_data/display_item_source_map.md,5313,2d743936093e8bdac91526e5208f5cd2707686e9b20067a368f8fefcc9c06763
paper/supplement/source_data/source_data_package_audit.json,638,e9fdd40d4a1913db734028ef12110da894e89adbfcd9d8d5fa53fbf493a896a9
paper/supplement/source_data/source_file_manifest.csv,7923,c53261ab43221d24a4ce20b668526766c82e53ddd01cfc736330feddad91319b
paper/supplement/source_data/source_file_manifest.md,8670,7f027fd03097770445272a4d5b91cdf32ec85fb3c2653f00ded8af78aa474ac7
paper/tables/table1_dataset_validation_contract.csv,1857,1858c15f16faf3ffac2966dbf8e5b0918e80538f4f47440610ba7b9d4140f7fc
paper/tables/table1_dataset_validation_contract.md,1989,b61f8bdfe41b0a2ae6615a03344c1926ec4ec7f089ec42c27fa0187d287f870d
paper/tables/table2_model_comparison.csv,2225,928304e2da74d8b72f8e3aaaca0ce184d93f1dec1ff115f4af450c22e71d50eb
paper/tables/table2_model_comparison.md,2633,b9320fc81362d06906130517b8749b42d09cc4e7e7624db59898adaf409b03a4
paper/tables/table3_review_routing_evidence_hygiene.csv,2105,09e218df756f122778b693cdad090829fe07e696d8a43513e24d36b472ea25ce
paper/tables/table3_review_routing_evidence_hygiene.md,2401,bc066815a151953fd0af195d770c43efb1820e7569f81dee003f1eac7f2208a7
