name,short_name,continent,country,region,image_base_url_relative,bbox_url_relative,image_base_url_gcp,metadata_url_gcp,bbox_url_gcp,image_base_url_aws,metadata_url_aws,bbox_url_aws,image_base_url_azure,metadata_url_azure,bbox_url_azure,mdv5a_results_raw,mdv5b_results_raw,md1000-redwood_results_raw,md_results_with_rde
Caltech Camera Traps,caltech-camera-traps,North America,United States,,caltech-unzipped/cct_images,caltechcameratraps/labels/caltech_bboxes_20200316.json,https://storage.googleapis.com/public-datasets-lila/caltech-unzipped/cct_images,https://storage.googleapis.com/public-datasets-lila/caltechcameratraps/labels/caltech_camera_traps.json.zip,https://storage.googleapis.com/public-datasets-lila/caltechcameratraps/labels/caltech_bboxes_20200316.json,http://us-west-2.opendata.source.coop.s3.amazonaws.com/agentmorris/lila-wildlife/caltech-unzipped/cct_images,http://us-west-2.opendata.source.coop.s3.amazonaws.com/agentmorris/lila-wildlife/caltechcameratraps/labels/caltech_camera_traps.json.zip,http://us-west-2.opendata.source.coop.s3.amazonaws.com/agentmorris/lila-wildlife/caltechcameratraps/labels/caltech_bboxes_20200316.json,https://lilawildlife.blob.core.windows.net/lila-wildlife/caltech-unzipped/cct_images,https://lilawildlife.blob.core.windows.net/lila-wildlife/caltechcameratraps/labels/caltech_camera_traps.json.zip,https://lilawildlife.blob.core.windows.net/lila-wildlife/caltechcameratraps/labels/caltech_bboxes_20200316.json,https://lila.science/public/lila-md-results/caltech-camera-traps_mdv5a.0.0_results.json.zip,https://lila.science/public/lila-md-results/caltech-camera-traps_mdv5b.0.0_results.json.zip,,https://lila.science/public/lila-md-results/caltech-camera-traps_mdv5a.0.0_results.filtered_rde_0.150_0.850_10_0.300.json.zip
ENA24,ena24,North America,United States,,ena24/images,,https://storage.googleapis.com/public-datasets-lila/ena24/images,https://storage.googleapis.com/public-datasets-lila/ena24/ena24.json,,http://us-west-2.opendata.source.coop.s3.amazonaws.com/agentmorris/lila-wildlife/ena24/images,http://us-west-2.opendata.source.coop.s3.amazonaws.com/agentmorris/lila-wildlife/ena24/ena24.json,,https://lilawildlife.blob.core.windows.net/lila-wildlife/ena24/images,https://lilawildlife.blob.core.windows.net/lila-wildlife/ena24/ena24.json,,https://lila.science/public/lila-md-results/ena24_mdv5a.0.0_results.json.zip,https://lila.science/public/lila-md-results/ena24_mdv5b.0.0_results.json.zip,,
Missouri Camera Traps,missouri-camera-traps,,,,missouricameratraps/images,,https://storage.googleapis.com/public-datasets-lila/missouricameratraps/images,https://storage.googleapis.com/public-datasets-lila/missouricameratraps/missouri_camera_traps_set1_1.21.json.zip,,http://us-west-2.opendata.source.coop.s3.amazonaws.com/agentmorris/lila-wildlife/missouricameratraps/images,http://us-west-2.opendata.source.coop.s3.amazonaws.com/agentmorris/lila-wildlife/missouricameratraps/missouri_camera_traps_set1_1.21.json.zip,,https://lilawildlife.blob.core.windows.net/lila-wildlife/missouricameratraps/images,https://lilawildlife.blob.core.windows.net/lila-wildlife/missouricameratraps/missouri_camera_traps_set1_1.21.json.zip,,https://lila.science/public/lila-md-results/missouri-camera-traps_mdv5a.0.0_results.json.zip,https://lila.science/public/lila-md-results/missouri-camera-traps_mdv5b.0.0_results.json.zip,,
NACTI,nacti,North America,United States,,nacti-unzipped,nacti/nacti_20230920_bboxes.zip,https://storage.googleapis.com/public-datasets-lila/nacti-unzipped,https://storage.googleapis.com/public-datasets-lila/nacti/nacti_metadata.1.14.json.zip,https://storage.googleapis.com/public-datasets-lila/nacti/nacti_20230920_bboxes.zip,http://us-west-2.opendata.source.coop.s3.amazonaws.com/agentmorris/lila-wildlife/nacti-unzipped,http://us-west-2.opendata.source.coop.s3.amazonaws.com/agentmorris/lila-wildlife/nacti/nacti_metadata.1.14.json.zip,http://us-west-2.opendata.source.coop.s3.amazonaws.com/agentmorris/lila-wildlife/nacti/nacti_20230920_bboxes.zip,https://lilawildlife.blob.core.windows.net/lila-wildlife/nacti-unzipped,https://lilawildlife.blob.core.windows.net/lila-wildlife/nacti/nacti_metadata.1.14.json.zip,https://lilawildlife.blob.core.windows.net/lila-wildlife/nacti/nacti_20230920_bboxes.zip,https://lila.science/public/lila-md-results/nacti_mdv5a.0.0_results.json.zip,https://lila.science/public/lila-md-results/nacti_mdv5b.0.0_results.json.zip,,https://lila.science/public/lila-md-results/nacti_mdv5a.0.0_results.filtered_rde_0.150_0.850_50_0.200.json.zip
WCS Camera Traps,wcs-camera-traps,,,,wcs-unzipped,wcs/wcs_20200403_bboxes.json.zip,https://storage.googleapis.com/public-datasets-lila/wcs-unzipped,https://storage.googleapis.com/public-datasets-lila/wcs/wcs_camera_traps.json.zip,https://storage.googleapis.com/public-datasets-lila/wcs/wcs_20200403_bboxes.json.zip,http://us-west-2.opendata.source.coop.s3.amazonaws.com/agentmorris/lila-wildlife/wcs-unzipped,http://us-west-2.opendata.source.coop.s3.amazonaws.com/agentmorris/lila-wildlife/wcs/wcs_camera_traps.json.zip,http://us-west-2.opendata.source.coop.s3.amazonaws.com/agentmorris/lila-wildlife/wcs/wcs_20200403_bboxes.json.zip,https://lilawildlife.blob.core.windows.net/lila-wildlife/wcs-unzipped,https://lilawildlife.blob.core.windows.net/lila-wildlife/wcs/wcs_camera_traps.json.zip,https://lilawildlife.blob.core.windows.net/lila-wildlife/wcs/wcs_20200403_bboxes.json.zip,https://lila.science/public/lila-md-results/wcs-camera-traps_animals_mdv5a.0.0_results.json.zip,https://lila.science/public/lila-md-results/wcs-camera-traps_animals_mdv5b.0.0_results.json.zip,,https://lila.science/public/lila-md-results/wcs-camera-traps_animals_mdv5a.0.0_results.filtered_rde_0.150_0.850_20_0.200.json.zip
Wellington Camera Traps,wellington-camera-traps,Oceania,New Zealand,Wellington,wellington-unzipped/images,,https://storage.googleapis.com/public-datasets-lila/wellington-unzipped/images,https://storage.googleapis.com/public-datasets-lila/wellingtoncameratraps/wellington_camera_traps.json.zip,,http://us-west-2.opendata.source.coop.s3.amazonaws.com/agentmorris/lila-wildlife/wellington-unzipped/images,http://us-west-2.opendata.source.coop.s3.amazonaws.com/agentmorris/lila-wildlife/wellingtoncameratraps/wellington_camera_traps.json.zip,,https://lilawildlife.blob.core.windows.net/lila-wildlife/wellington-unzipped/images,https://lilawildlife.blob.core.windows.net/lila-wildlife/wellingtoncameratraps/wellington_camera_traps.json.zip,,https://lila.science/public/lila-md-results/wellington-camera-traps_images_mdv5a.0.0_results.json.zip,https://lila.science/public/lila-md-results/wellington-camera-traps_images_mdv5b.0.0_results.json.zip,,https://lila.science/public/lila-md-results/wellington-camera-traps_images_mdv5a.0.0_results.filtered_rde_0.150_0.850_10_0.200.json.zip
Island Conservation Camera Traps,island-conservation-camera-traps,,,,islandconservationcameratraps/public,,https://storage.googleapis.com/public-datasets-lila/islandconservationcameratraps/public,https://storage.googleapis.com/public-datasets-lila/islandconservationcameratraps/island_conservation_camera_traps_1.02.zip,,http://us-west-2.opendata.source.coop.s3.amazonaws.com/agentmorris/lila-wildlife/islandconservationcameratraps/public,http://us-west-2.opendata.source.coop.s3.amazonaws.com/agentmorris/lila-wildlife/islandconservationcameratraps/island_conservation_camera_traps_1.02.zip,,https://lilawildlife.blob.core.windows.net/lila-wildlife/islandconservationcameratraps/public,https://lilawildlife.blob.core.windows.net/lila-wildlife/islandconservationcameratraps/island_conservation_camera_traps_1.02.zip,,https://lila.science/public/lila-md-results/island-conservation-camera-traps_mdv5a.0.0_results.json.zip,https://lila.science/public/lila-md-results/island-conservation-camera-traps_mdv5b.0.0_results.json.zip,,https://lila.science/public/lila-md-results/island-conservation-camera-traps_mdv5a.0.0_results.filtered_rde_0.150_0.850_10_0.200.json.zip
Channel Islands Camera Traps,channel-islands-camera-traps,North America,United States,California,channel-islands-camera-traps/images,,https://storage.googleapis.com/public-datasets-lila/channel-islands-camera-traps/images,https://storage.googleapis.com/public-datasets-lila/channel-islands-camera-traps/channel-islands-camera-traps.json.zip,,http://us-west-2.opendata.source.coop.s3.amazonaws.com/agentmorris/lila-wildlife/channel-islands-camera-traps/images,http://us-west-2.opendata.source.coop.s3.amazonaws.com/agentmorris/lila-wildlife/channel-islands-camera-traps/channel-islands-camera-traps.json.zip,,https://lilawildlife.blob.core.windows.net/lila-wildlife/channel-islands-camera-traps/images,https://lilawildlife.blob.core.windows.net/lila-wildlife/channel-islands-camera-traps/channel-islands-camera-traps.json.zip,,https://lila.science/public/lila-md-results/channel-islands-camera-traps_mdv5a.0.0_results.json.zip,https://lila.science/public/lila-md-results/channel-islands-camera-traps_mdv5b.0.0_results.json.zip,,https://lila.science/public/lila-md-results/channel-islands-camera-traps_mdv5a.0.0_results.filtered_rde_0.150_0.850_10_0.300.json.zip
Idaho Camera Traps,idaho-camera-traps,North America,United States,Idaho,idaho-camera-traps/public,,https://storage.googleapis.com/public-datasets-lila/idaho-camera-traps/public,https://storage.googleapis.com/public-datasets-lila/idaho-camera-traps/idaho-camera-traps.json.zip,,http://us-west-2.opendata.source.coop.s3.amazonaws.com/agentmorris/lila-wildlife/idaho-camera-traps/public,http://us-west-2.opendata.source.coop.s3.amazonaws.com/agentmorris/lila-wildlife/idaho-camera-traps/idaho-camera-traps.json.zip,,https://lilawildlife.blob.core.windows.net/lila-wildlife/idaho-camera-traps/public,https://lilawildlife.blob.core.windows.net/lila-wildlife/idaho-camera-traps/idaho-camera-traps.json.zip,,https://lila.science/public/lila-md-results/idaho-camera-traps_mdv5a.0.0_results.json.zip,https://lila.science/public/lila-md-results/idaho-camera-traps_mdv5b.0.0_results.json.zip,,https://lila.science/public/lila-md-results/idaho-camera-traps_mdv5a.0.0_results.filtered_rde_0.150_0.850_30_0.200.json.zip
Snapshot Serengeti,snapshot-serengeti,Africa,Tanzania,,snapshotserengeti-unzipped,snapshotserengeti-v-2-0/SnapshotSerengetiBboxes_20190903.json.zip,https://storage.googleapis.com/public-datasets-lila/snapshotserengeti-unzipped,https://storage.googleapis.com/public-datasets-lila/snapshotserengeti-v-2-0/SnapshotSerengeti_S1-11_v2_1.json.zip,https://storage.googleapis.com/public-datasets-lila/snapshotserengeti-v-2-0/SnapshotSerengetiBboxes_20190903.json.zip,http://us-west-2.opendata.source.coop.s3.amazonaws.com/agentmorris/lila-wildlife/snapshotserengeti-unzipped,http://us-west-2.opendata.source.coop.s3.amazonaws.com/agentmorris/lila-wildlife/snapshotserengeti-v-2-0/SnapshotSerengeti_S1-11_v2_1.json.zip,http://us-west-2.opendata.source.coop.s3.amazonaws.com/agentmorris/lila-wildlife/snapshotserengeti-v-2-0/SnapshotSerengetiBboxes_20190903.json.zip,https://lilawildlife.blob.core.windows.net/lila-wildlife/snapshotserengeti-unzipped,https://lilawildlife.blob.core.windows.net/lila-wildlife/snapshotserengeti-v-2-0/SnapshotSerengeti_S1-11_v2_1.json.zip,https://lilawildlife.blob.core.windows.net/lila-wildlife/snapshotserengeti-v-2-0/SnapshotSerengetiBboxes_20190903.json.zip,,,https://lila.science/public/lila-md-results/snapshot-serengeti-2025-03-22-v1000.0.0-redwood_detections.threshold.json.zip,https://lila.science/public/lila-md-results/snapshot-serengeti-2025-03-22-v1000.0.0-redwood_detections.filtered.json.zip
Snapshot Karoo,snapshot-safari_KAR,Africa,South Africa,,snapshot-safari/KAR/KAR_public,,https://storage.googleapis.com/public-datasets-lila/snapshot-safari/KAR/KAR_public,https://storage.googleapis.com/public-datasets-lila/snapshot-safari/KAR/SnapshotKaroo_S1_v1.0.json.zip,,http://us-west-2.opendata.source.coop.s3.amazonaws.com/agentmorris/lila-wildlife/snapshot-safari/KAR/KAR_public,http://us-west-2.opendata.source.coop.s3.amazonaws.com/agentmorris/lila-wildlife/snapshot-safari/KAR/SnapshotKaroo_S1_v1.0.json.zip,,https://lilawildlife.blob.core.windows.net/lila-wildlife/snapshot-safari/KAR/KAR_public,https://lilawildlife.blob.core.windows.net/lila-wildlife/snapshot-safari/KAR/SnapshotKaroo_S1_v1.0.json.zip,,https://lila.science/public/lila-md-results/snapshot-safari_KAR_mdv5a.0.0_results.json.zip,https://lila.science/public/lila-md-results/snapshot-safari_KAR_mdv5b.0.0_results.json.zip,,https://lila.science/public/lila-md-results/snapshot-safari_KAR_mdv5a.0.0_results.filtered_rde_0.150_0.850_15_0.200.json.zip
Snapshot Kgalagadi,snapshot-safari_KGA,Africa,Botswana,,snapshot-safari/KGA/KGA_public,,https://storage.googleapis.com/public-datasets-lila/snapshot-safari/KGA/KGA_public,https://storage.googleapis.com/public-datasets-lila/snapshot-safari/KGA/SnapshotKgalagadi_S1_v1.0.json.zip,,http://us-west-2.opendata.source.coop.s3.amazonaws.com/agentmorris/lila-wildlife/snapshot-safari/KGA/KGA_public,http://us-west-2.opendata.source.coop.s3.amazonaws.com/agentmorris/lila-wildlife/snapshot-safari/KGA/SnapshotKgalagadi_S1_v1.0.json.zip,,https://lilawildlife.blob.core.windows.net/lila-wildlife/snapshot-safari/KGA/KGA_public,https://lilawildlife.blob.core.windows.net/lila-wildlife/snapshot-safari/KGA/SnapshotKgalagadi_S1_v1.0.json.zip,,https://lila.science/public/lila-md-results/snapshot-safari_KGA_mdv5a.0.0_results.json.zip,https://lila.science/public/lila-md-results/snapshot-safari_KGA_mdv5b.0.0_results.json.zip,,https://lila.science/public/lila-md-results/snapshot-safari_KGA_mdv5a.0.0_results.filtered_rde_0.150_0.850_15_0.200.json.zip
Snapshot Enonkishu,snapshot-safari_ENO,Africa,Kenya,,snapshot-safari/ENO/ENO_public,,https://storage.googleapis.com/public-datasets-lila/snapshot-safari/ENO/ENO_public,https://storage.googleapis.com/public-datasets-lila/snapshot-safari/ENO/SnapshotEnonkishu_S1_v1.0.json.zip,,http://us-west-2.opendata.source.coop.s3.amazonaws.com/agentmorris/lila-wildlife/snapshot-safari/ENO/ENO_public,http://us-west-2.opendata.source.coop.s3.amazonaws.com/agentmorris/lila-wildlife/snapshot-safari/ENO/SnapshotEnonkishu_S1_v1.0.json.zip,,https://lilawildlife.blob.core.windows.net/lila-wildlife/snapshot-safari/ENO/ENO_public,https://lilawildlife.blob.core.windows.net/lila-wildlife/snapshot-safari/ENO/SnapshotEnonkishu_S1_v1.0.json.zip,,https://lila.science/public/lila-md-results/snapshot-safari_ENO_mdv5a.0.0_results.json.zip,https://lila.science/public/lila-md-results/snapshot-safari_ENO_mdv5b.0.0_results.json.zip,,https://lila.science/public/lila-md-results/snapshot-safari_ENO_mdv5a.0.0_results.filtered_rde_0.150_0.850_15_0.200.json.zip
Snapshot Camdeboo,snapshot-safari_CDB,Africa,South Africa,,snapshot-safari/CDB/CDB_public,,https://storage.googleapis.com/public-datasets-lila/snapshot-safari/CDB/CDB_public,https://storage.googleapis.com/public-datasets-lila/snapshot-safari/CDB/SnapshotCamdeboo_S1_v1.0.json.zip,,http://us-west-2.opendata.source.coop.s3.amazonaws.com/agentmorris/lila-wildlife/snapshot-safari/CDB/CDB_public,http://us-west-2.opendata.source.coop.s3.amazonaws.com/agentmorris/lila-wildlife/snapshot-safari/CDB/SnapshotCamdeboo_S1_v1.0.json.zip,,https://lilawildlife.blob.core.windows.net/lila-wildlife/snapshot-safari/CDB/CDB_public,https://lilawildlife.blob.core.windows.net/lila-wildlife/snapshot-safari/CDB/SnapshotCamdeboo_S1_v1.0.json.zip,,https://lila.science/public/lila-md-results/snapshot-safari_CDB_mdv5a.0.0_results.json.zip,https://lila.science/public/lila-md-results/snapshot-safari_CDB_mdv5b.0.0_results.json.zip,,https://lila.science/public/lila-md-results/snapshot-safari_CDB_mdv5a.0.0_results.filtered_rde_0.150_0.850_15_0.200.json.zip
Snapshot Mountain Zebra,snapshot-safari_MTZ,Africa,South Africa,,snapshot-safari/MTZ/MTZ_public,,https://storage.googleapis.com/public-datasets-lila/snapshot-safari/MTZ/MTZ_public,https://storage.googleapis.com/public-datasets-lila/snapshot-safari/MTZ/SnapshotMountainZebra_S1_v1.0.json.zip,,http://us-west-2.opendata.source.coop.s3.amazonaws.com/agentmorris/lila-wildlife/snapshot-safari/MTZ/MTZ_public,http://us-west-2.opendata.source.coop.s3.amazonaws.com/agentmorris/lila-wildlife/snapshot-safari/MTZ/SnapshotMountainZebra_S1_v1.0.json.zip,,https://lilawildlife.blob.core.windows.net/lila-wildlife/snapshot-safari/MTZ/MTZ_public,https://lilawildlife.blob.core.windows.net/lila-wildlife/snapshot-safari/MTZ/SnapshotMountainZebra_S1_v1.0.json.zip,,https://lila.science/public/lila-md-results/snapshot-safari_MTZ_mdv5a.0.0_results.json.zip,https://lila.science/public/lila-md-results/snapshot-safari_MTZ_mdv5b.0.0_results.json.zip,,https://lila.science/public/lila-md-results/snapshot-safari_MTZ_mdv5a.0.0_results.filtered_rde_0.150_0.850_15_0.200.json.zip
Snapshot Kruger,snapshot-safari_KRU,Africa,South Africa,,snapshot-safari/KRU/KRU_public,,https://storage.googleapis.com/public-datasets-lila/snapshot-safari/KRU/KRU_public,https://storage.googleapis.com/public-datasets-lila/snapshot-safari/KRU/SnapshotKruger_S1_v1.0.json.zip,,http://us-west-2.opendata.source.coop.s3.amazonaws.com/agentmorris/lila-wildlife/snapshot-safari/KRU/KRU_public,http://us-west-2.opendata.source.coop.s3.amazonaws.com/agentmorris/lila-wildlife/snapshot-safari/KRU/SnapshotKruger_S1_v1.0.json.zip,,https://lilawildlife.blob.core.windows.net/lila-wildlife/snapshot-safari/KRU/KRU_public,https://lilawildlife.blob.core.windows.net/lila-wildlife/snapshot-safari/KRU/SnapshotKruger_S1_v1.0.json.zip,,https://lila.science/public/lila-md-results/snapshot-safari_KRU_mdv5a.0.0_results.json.zip,https://lila.science/public/lila-md-results/snapshot-safari_KRU_mdv5b.0.0_results.json.zip,,https://lila.science/public/lila-md-results/snapshot-safari_KRU_mdv5a.0.0_results.filtered_rde_0.150_0.850_15_0.200.json.zip
SWG Camera Traps,swg-camera-traps,Asia,Vietnam;Lao,,swg-camera-traps,swg-camera-traps/swg_camera_traps.bounding_boxes.with_species.zip,https://storage.googleapis.com/public-datasets-lila/swg-camera-traps,https://storage.googleapis.com/public-datasets-lila/swg-camera-traps/swg_camera_traps.zip,https://storage.googleapis.com/public-datasets-lila/swg-camera-traps/swg_camera_traps.bounding_boxes.with_species.zip,http://us-west-2.opendata.source.coop.s3.amazonaws.com/agentmorris/lila-wildlife/swg-camera-traps,http://us-west-2.opendata.source.coop.s3.amazonaws.com/agentmorris/lila-wildlife/swg-camera-traps/swg_camera_traps.zip,http://us-west-2.opendata.source.coop.s3.amazonaws.com/agentmorris/lila-wildlife/swg-camera-traps/swg_camera_traps.bounding_boxes.with_species.zip,https://lilawildlife.blob.core.windows.net/lila-wildlife/swg-camera-traps,https://lilawildlife.blob.core.windows.net/lila-wildlife/swg-camera-traps/swg_camera_traps.zip,https://lilawildlife.blob.core.windows.net/lila-wildlife/swg-camera-traps/swg_camera_traps.bounding_boxes.with_species.zip,https://lila.science/public/lila-md-results/swg-camera-traps_public_mdv5a.0.0_results.json.zip,https://lila.science/public/lila-md-results/swg-camera-traps_public_mdv5b.0.0_results.json.zip,,https://lila.science/public/lila-md-results/swg-camera-traps_public_mdv5a.0.0_results.filtered_rde_0.100_0.850_30_0.200.json.zip
Orinoquia Camera Traps,orinoquia-camera-traps,South America,Colombia,Orinoquía,orinoquia-camera-traps/public,,https://storage.googleapis.com/public-datasets-lila/orinoquia-camera-traps/public,https://storage.googleapis.com/public-datasets-lila/orinoquia-camera-traps/orinoquia_camera_traps_metadata.zip,,http://us-west-2.opendata.source.coop.s3.amazonaws.com/agentmorris/lila-wildlife/orinoquia-camera-traps/public,http://us-west-2.opendata.source.coop.s3.amazonaws.com/agentmorris/lila-wildlife/orinoquia-camera-traps/orinoquia_camera_traps_metadata.zip,,https://lilawildlife.blob.core.windows.net/lila-wildlife/orinoquia-camera-traps/public,https://lilawildlife.blob.core.windows.net/lila-wildlife/orinoquia-camera-traps/orinoquia_camera_traps_metadata.zip,,https://lila.science/public/lila-md-results/orinoquia-camera-traps_public_mdv5a.0.0_results.json.zip,https://lila.science/public/lila-md-results/orinoquia-camera-traps_public_mdv5b.0.0_results.json.zip,,https://lila.science/public/lila-md-results/orinoquia-camera-traps_public_mdv5a.0.0_results.filtered_rde_0.150_0.850_10_0.200.json.zip
Trail Camera Images of New Zealand Animals,nz-trailcams,Oceania,New Zealand,,nz-trailcams,,https://storage.googleapis.com/public-datasets-lila/nz-trailcams,https://storage.googleapis.com/public-datasets-lila/nz-trailcams/trail_camera_images_of_new_zealand_animals_1.00.json.zip,,http://us-west-2.opendata.source.coop.s3.amazonaws.com/agentmorris/lila-wildlife/nz-trailcams,http://us-west-2.opendata.source.coop.s3.amazonaws.com/agentmorris/lila-wildlife/nz-trailcams/trail_camera_images_of_new_zealand_animals_1.00.json.zip,,https://lilawildlife.blob.core.windows.net/lila-wildlife/nz-trailcams,https://lilawildlife.blob.core.windows.net/lila-wildlife/nz-trailcams/trail_camera_images_of_new_zealand_animals_1.00.json.zip,,https://lila.science/public/lila-md-results/nz-trailcams_mdv5a.0.0_results.zip,https://lila.science/public/lila-md-results/nz-trailcams_mdv5b.0.0_results.zip,,https://lila.science/public/lila-md-results/nz-trailcams_mdv5a.0.0_results.filtered_rde_0.150_0.850_40_0.200.zip
Desert Lion Conservation Camera Traps,desert-lion-camera-traps,Africa,Namibia,,desert-lion-camera-traps/annotated-imgs,,https://storage.googleapis.com/public-datasets-lila/desert-lion-camera-traps/annotated-imgs,https://storage.googleapis.com/public-datasets-lila/desert-lion-camera-traps/desert_lion_camera_traps.json.zip,,http://us-west-2.opendata.source.coop.s3.amazonaws.com/agentmorris/lila-wildlife/desert-lion-camera-traps/annotated-imgs,http://us-west-2.opendata.source.coop.s3.amazonaws.com/agentmorris/lila-wildlife/desert-lion-camera-traps/desert_lion_camera_traps.json.zip,,https://lilawildlife.blob.core.windows.net/lila-wildlife/desert-lion-camera-traps/annotated-imgs,https://lilawildlife.blob.core.windows.net/lila-wildlife/desert-lion-camera-traps/desert_lion_camera_traps.json.zip,,https://lila.science/public/lila-md-results/desert-lion-camera-traps-2025-09-22-v5a.0.1_detections.zip,,,
Ohio Small Animals,ohio-small-animals,North America,United States,Ohio,osu-small-animals,,https://storage.googleapis.com/public-datasets-lila/osu-small-animals,https://storage.googleapis.com/public-datasets-lila/osu-small-animals/osu-small-animals.json.zip,,http://us-west-2.opendata.source.coop.s3.amazonaws.com/agentmorris/lila-wildlife/osu-small-animals,http://us-west-2.opendata.source.coop.s3.amazonaws.com/agentmorris/lila-wildlife/osu-small-animals/osu-small-animals.json.zip,,https://lilawildlife.blob.core.windows.net/lila-wildlife/osu-small-animals,https://lilawildlife.blob.core.windows.net/lila-wildlife/osu-small-animals/osu-small-animals.json.zip,,,,,
Snapshot Safari 2024 Expansion,snapshot-safari-2024-expansion,Africa,,,snapshot-safari-2024-expansion,,https://storage.googleapis.com/public-datasets-lila/snapshot-safari-2024-expansion,https://storage.googleapis.com/public-datasets-lila/snapshot-safari-2024-expansion/snapshot_safari_2024_metadata.zip,,http://us-west-2.opendata.source.coop.s3.amazonaws.com/agentmorris/lila-wildlife/snapshot-safari-2024-expansion,http://us-west-2.opendata.source.coop.s3.amazonaws.com/agentmorris/lila-wildlife/snapshot-safari-2024-expansion/snapshot_safari_2024_metadata.zip,,https://lilawildlife.blob.core.windows.net/lila-wildlife/snapshot-safari-2024-expansion,https://lilawildlife.blob.core.windows.net/lila-wildlife/snapshot-safari-2024-expansion/snapshot_safari_2024_metadata.zip,,https://lila.science/public/lila-md-results/snapshot_safari_2024_lila_mdv5a.json.zip,,,https://lila.science/public/lila-md-results/snapshot_safari_2024_lila_mdv5a-rde_0.100_0.850_15_0.200.json.zip
Seattle(ish) Camera Traps,seattleish-camera-traps,North America,United States,Washington,seattleish-camera-traps,,https://storage.googleapis.com/public-datasets-lila/seattleish-camera-traps,https://storage.googleapis.com/public-datasets-lila/seattleish-camera-traps/seattleish_camera_traps.json.zip,,http://us-west-2.opendata.source.coop.s3.amazonaws.com/agentmorris/lila-wildlife/seattleish-camera-traps,http://us-west-2.opendata.source.coop.s3.amazonaws.com/agentmorris/lila-wildlife/seattleish-camera-traps/seattleish_camera_traps.json.zip,,https://lilawildlife.blob.core.windows.net/lila-wildlife/seattleish-camera-traps,https://lilawildlife.blob.core.windows.net/lila-wildlife/seattleish-camera-traps/seattleish_camera_traps.json.zip,,,,https://lila.science/public/lila-md-results/seattleish-camera-traps-2025-03-23-v1000.0.0-redwood_detections.json.zip,https://lila.science/public/lila-md-results/seattleish-camera-traps-2025-03-23-v1000.0.0-redwood_detections.filtered.json.zip
UNSW Predators,unsw-predators,Australia,Australia,New South Wales,unsw-predators/images,,https://storage.googleapis.com/public-datasets-lila/unsw-predators/images,https://storage.googleapis.com/public-datasets-lila/unsw-predators/unsw-predators.json.zip,,http://us-west-2.opendata.source.coop.s3.amazonaws.com/agentmorris/lila-wildlife/unsw-predators/images,http://us-west-2.opendata.source.coop.s3.amazonaws.com/agentmorris/lila-wildlife/unsw-predators/unsw-predators.json.zip,,https://lilawildlife.blob.core.windows.net/lila-wildlife/unsw-predators/images,https://lilawildlife.blob.core.windows.net/lila-wildlife/unsw-predators/unsw-predators.json.zip,,,,https://lila.science/public/lila-md-results/unsw-goannas-2025-03-22-v1000.0.0-redwood_detections.zip,https://lila.science/public/lila-md-results/unsw-goannas-2025-03-22-v1000.0.0-redwood_detections.filtered.zip
Nkhotakota Camera Traps,nkhotakota-camera-traps,Africa,Malawi,,nkhotakota-camera-traps,,https://storage.googleapis.com/public-datasets-lila/nkhotakota-camera-traps,https://storage.googleapis.com/public-datasets-lila/nkhotakota-camera-traps/nkhotakota_camera_traps.json.zip,,http://us-west-2.opendata.source.coop.s3.amazonaws.com/agentmorris/lila-wildlife/nkhotakota-camera-traps,http://us-west-2.opendata.source.coop.s3.amazonaws.com/agentmorris/lila-wildlife/nkhotakota-camera-traps/nkhotakota_camera_traps.json.zip,,https://lilawildlife.blob.core.windows.net/lila-wildlife/nkhotakota-camera-traps,https://lilawildlife.blob.core.windows.net/lila-wildlife/nkhotakota-camera-traps/nkhotakota_camera_traps.json.zip,,,,https://lila.science/public/lila-md-results/nkhotakota-camera-traps-2025-05-21-redwood-v1000.0.0-redwood_detections.zip,https://lila.science/public/lila-md-results/nkhotakota-camera-traps-2025-05-21-redwood-v1000.0.0-redwood_detections.filtered.zip
California Small Animals,california-small-animals,North America,United States,California,california-small-animals,,https://storage.googleapis.com/public-datasets-lila/california-small-animals,https://storage.googleapis.com/public-datasets-lila/california-small-animals/california_small_animals_with_sequences.zip,,http://us-west-2.opendata.source.coop.s3.amazonaws.com/agentmorris/lila-wildlife/california-small-animals,http://us-west-2.opendata.source.coop.s3.amazonaws.com/agentmorris/lila-wildlife/california-small-animals/california_small_animals_with_sequences.zip,,https://lilawildlife.blob.core.windows.net/lila-wildlife/california-small-animals,https://lilawildlife.blob.core.windows.net/lila-wildlife/california-small-animals/california_small_animals_with_sequences.zip,,,,,
Biome Health Project Maasai Mara 2018,biome-health-project-maasai-mara,Africa,Kenya,,biome-health-project-maasai-mara-2018,,https://storage.googleapis.com/public-datasets-lila/biome-health-project-maasai-mara-2018,https://storage.googleapis.com/public-datasets-lila/biome-health-project-maasai-mara-2018/biome-health-project-maasai-mara-2018.json,,http://us-west-2.opendata.source.coop.s3.amazonaws.com/agentmorris/lila-wildlife/biome-health-project-maasai-mara-2018,http://us-west-2.opendata.source.coop.s3.amazonaws.com/agentmorris/lila-wildlife/biome-health-project-maasai-mara-2018/biome-health-project-maasai-mara-2018.json,,https://lilawildlife.blob.core.windows.net/lila-wildlife/biome-health-project-maasai-mara-2018,https://lilawildlife.blob.core.windows.net/lila-wildlife/biome-health-project-maasai-mara-2018/biome-health-project-maasai-mara-2018.json,,,,https://lila.science/public/lila-md-results/biome-health-mara-2025-11-11-v1000.0.0-redwood_detections.zip,https://lila.science/public/lila-md-results/biome-health-mara-2025-11-11-v1000.0.0-redwood_detections.filtered.zip
Oregon Critters,oregon-critters,North America,United States,Oregon,oregon-critters,,https://storage.googleapis.com/public-datasets-lila/oregon-critters,https://storage.googleapis.com/public-datasets-lila/oregon-critters/oregon_critters.zip,,http://us-west-2.opendata.source.coop.s3.amazonaws.com/agentmorris/lila-wildlife/oregon-critters,http://us-west-2.opendata.source.coop.s3.amazonaws.com/agentmorris/lila-wildlife/oregon-critters/oregon_critters.zip,,https://lilawildlife.blob.core.windows.net/lila-wildlife/oregon-critters,https://lilawildlife.blob.core.windows.net/lila-wildlife/oregon-critters/oregon_critters.zip,,https://lila.science/public/lila-md-results/critters-appel-2025-03-02-v5a.0.1_detections.json.zip,,https://lila.science/public/lila-md-results/critters-appel-2025-03-02-v1000.0.0-redwood_detections.json.zip,https://lila.science/public/lila-md-results/critters-appel-2025-03-02-v5a.0.1_detections.filtered.json.zip
Felidae Conservation Fund 2020-2025,felidae-conservation-fund,North America,United States,California,felidae-conservation-fund,,https://storage.googleapis.com/public-datasets-lila/felidae-conservation-fund,https://storage.googleapis.com/public-datasets-lila/felidae-conservation-fund/felidae_conservation_fund_2020_2025.zip,,http://us-west-2.opendata.source.coop.s3.amazonaws.com/agentmorris/lila-wildlife/felidae-conservation-fund,http://us-west-2.opendata.source.coop.s3.amazonaws.com/agentmorris/lila-wildlife/felidae-conservation-fund/felidae_conservation_fund_2020_2025.zip,,https://lilawildlife.blob.core.windows.net/lila-wildlife/felidae-conservation-fund,https://lilawildlife.blob.core.windows.net/lila-wildlife/felidae-conservation-fund/felidae_conservation_fund_2020_2025.zip,,https://lila.science/public/lila-md-results/wildepod-2026-02-16-v5a.0.1_detections.json.zip,,https://lila.science/public/lila-md-results/wildepod-2026-02-16-mdv1000-redwood-v1000.0.0-redwood_detections.json.zip,https://lila.science/public/lila-md-results/wildepod-2026-02-16-v5a.0.1_detections.filtered.json.zip
WSU Lynx,wsu-lynx,North America,United States,Washington,wsu-lynx,,https://storage.googleapis.com/public-datasets-lila/wsu-lynx,https://lilawildlife.blob.core.windows.net/lila-wildlife/wsu-lynx/wsu-lynx.26.02.13.1705.zip,,http://us-west-2.opendata.source.coop.s3.amazonaws.com/agentmorris/lila-wildlife/wsu-lynx,http://us-west-2.opendata.source.coop.s3.amazonaws.com/agentmorris/lila-wildlife/wsu-lynx/wsu-lynx.26.02.13.1705.zip,,https://lilawildlife.blob.core.windows.net/lila-wildlife/wsu-lynx,https://lilawildlife.blob.core.windows.net/lila-wildlife/wsu-lynx/wsu-lynx.26.02.13.1705.zip,,https://lila.science/public/lila-md-results/wsu-lynx-2026-02-18-v5a.0.1_detections.json.zip,,https://lila.science/public/lila-md-results/wsu-lynx-2026-02-18-v1000.0.0-redwood_detections.json.zip,https://lila.science/public/lila-md-results/wsu-lynx-2026-02-18-v5a.0.1_detections.filtered.json.zip
AMMonitor Camera Traps,ammonitor-camera-traps,North America,United States,,ammonitor-camera-traps,,https://storage.googleapis.com/public-datasets-lila/ammonitor-camera-traps,https://storage.googleapis.com/public-datasets-lila/ammonitor-camera-traps/ammonitor-camera-traps.zip,,http://us-west-2.opendata.source.coop.s3.amazonaws.com/agentmorris/lila-wildlife/ammonitor-camera-traps,http://us-west-2.opendata.source.coop.s3.amazonaws.com/agentmorris/lila-wildlife/ammonitor-camera-traps/ammonitor-camera-traps.zip,,https://lilawildlife.blob.core.windows.net/lila-wildlife/ammonitor-camera-traps,https://lilawildlife.blob.core.windows.net/lila-wildlife/ammonitor-camera-traps/ammonitor-camera-traps.zip,,https://lila.science/public/lila-md-results/ammonitor-camera-traps-2026-06-12-v5a.0.1_detections.zip,,https://lila.science/public/lila-md-results/ammonitor-camera-traps-2026-06-12-v1000.0.0-redwood_detections.zip,https://lila.science/public/lila-md-results/ammonitor-camera-traps-2026-06-12-v5a.0.1_detections.filtered.zip
